month,business_unit,line_item,actual,budget,variance_eur,variance_pct,direction,suspected_data_error,materiality,evidence_notes,analyst_comment
2024-01,Back-Office,COGS,69459.45890784952,58333.33333333334,11126.125574516176,0.19073358127742013,U,False,,,
2024-02,Back-Office,COGS,64625.71011453823,66884.91598547994,-2259.2058709417033,-0.03377750928822509,F,False,,,
2024-03,Back-Office,COGS,73797.02830643747,75491.86477024195,-1694.8364638044877,-0.022450584165097657,F,False,,,
2024-04,Back-Office,COGS,102335.15672233448,96777.61812760952,5557.53859472496,0.05742586666471655,U,False,,,
2024-05,Back-Office,COGS,110485.98985114292,105537.43789793516,4948.55195320776,0.046889066588801265,U,False,,,
2024-06,Back-Office,COGS,86969.96575384855,101647.62240661724,-14677.656652768695,-0.1443974419200304,F,False,,,
2024-07,Back-Office,COGS,65988.6364904145,72236.1097758978,-6247.473285483298,-0.08648684577374378,F,False,,,
2024-08,Back-Office,COGS,52387.55249106725,51157.12376624642,1230.4287248208275,0.024051952772854424,U,False,,,
2024-09,Back-Office,COGS,89540.26672774742,81263.94822264952,8276.318505097908,0.10184489784353316,U,False,,,
2024-10,Back-Office,COGS,88368.14144531226,102985.2445172268,-14617.10307191455,-0.14193395510625292,F,False,,,
2024-11,Back-Office,COGS,117003.17961327714,111932.59069328089,5070.588919996255,0.0453003802430585,U,False,,,
2024-12,Back-Office,COGS,96810.43395735654,95022.25519630295,1788.178761053583,0.01881852580071322,U,False,,,
2025-01,Back-Office,COGS,57108.09434452572,60666.66666666668,-3558.572322140957,-0.05865778552979598,F,False,,,
2025-02,Back-Office,COGS,66779.70858063648,69560.31262489913,-2780.6040442626545,-0.03997400154391107,F,False,,,
2025-03,Back-Office,COGS,70720.32279366799,78511.53936105162,-7791.216567383628,-0.09923657886204601,F,False,,,
2025-04,Back-Office,COGS,104600.45435921398,100648.7228527139,3951.7315065000876,0.039262609544315076,U,False,,,
2025-05,Back-Office,COGS,96409.1552482031,109758.93541385257,-13349.78016564947,-0.12162818558063937,F,False,,,
2025-06,Back-Office,COGS,101038.9877727296,105713.52730288194,-4674.539530152339,-0.044218934410912444,F,False,,,
2025-07,Back-Office,COGS,74117.63692577265,75125.55416693371,-1007.9172411610634,-0.013416436688392446,F,False,,,
2025-08,Back-Office,COGS,55646.03439766914,53203.40871689629,2442.6256807728496,0.04591107486684632,U,False,,,
2025-09,Back-Office,COGS,96812.95256142014,84514.5061515555,12298.446409864642,0.1455187632264037,U,False,,,
2025-10,Back-Office,COGS,109494.47485185992,107104.65429791588,2389.8205539440387,0.022312947738915782,U,False,,,
2025-11,Back-Office,COGS,117635.62756615302,116409.89432101214,1225.7332451408874,0.01052945930661876,U,False,,,
2025-12,Back-Office,COGS,94539.62834578309,98823.14540415508,-4283.517058371988,-0.04334528152138624,F,False,,,
2026-01,Back-Office,COGS,66432.75037962395,63093.33333333335,3339.4170462905968,0.052928207622949,U,False,,,
2026-02,Back-Office,COGS,75917.82582074722,72342.7251298951,3575.100690852123,0.04941893859310449,U,False,,,
2026-03,Back-Office,COGS,81017.65017959371,81652.0009354937,-634.3507558999991,-0.007768955428307821,F,False,,,
2026-04,Back-Office,COGS,96811.0483035404,104674.67176682246,-7863.623463282056,-0.07512441482309476,F,False,,,
2026-05,Back-Office,COGS,113787.9141215188,114149.29283040667,-361.3787088878744,-0.003165842730403772,F,False,,,
2026-06,Back-Office,COGS,104606.12951803656,109942.06839499722,-5335.938876960659,-0.04853409577296496,F,False,,,
2024-01,Back-Office,Opex - Facilities,8948.72056292399,9000.0,-51.279437076009344,-0.005697715230667705,F,False,,,
2024-02,Back-Office,Opex - Facilities,9057.737326370205,9011.25,46.487326370204755,0.005158809973111916,U,False,,,
2024-03,Back-Office,Opex - Facilities,9522.660035381878,9022.5,500.1600353818776,0.05543475038868136,U,False,,,
2024-04,Back-Office,Opex - Facilities,9081.826564518044,9033.75,48.0765645180436,0.0053218834391081885,U,False,,,
2024-05,Back-Office,Opex - Facilities,9022.86115869594,9044.999999999998,-22.138841304058587,-0.0024476330905537414,F,False,,,
2024-06,Back-Office,Opex - Facilities,9130.24945788607,9056.25,73.99945788606965,0.008171092658227153,U,False,,,
2024-07,Back-Office,Opex - Facilities,9172.9649470018,9067.5,105.46494700179937,0.011631094237860422,U,False,,,
2024-08,Back-Office,Opex - Facilities,8948.260262612486,9078.75,-130.48973738751374,-0.014373095127359355,F,False,,,
2024-09,Back-Office,Opex - Facilities,9349.625031211248,9090.0,259.6250312112479,0.02856160959419669,U,False,,,
2024-10,Back-Office,Opex - Facilities,9046.340887891814,9101.25,-54.90911210818558,-0.006033139635564959,F,False,,,
2024-11,Back-Office,Opex - Facilities,8863.571591107973,9112.5,-248.9284088920267,-0.027317246517643536,F,False,,,
2024-12,Back-Office,Opex - Facilities,9120.442280021116,9123.75,-3.3077199788840517,-0.00036253952364806707,F,False,,,
2025-01,Back-Office,Opex - Facilities,9109.0,9135.0,-26.0,-0.0028461959496442254,F,False,,,
2025-02,Back-Office,Opex - Facilities,9356.792259317055,9146.25,210.54225931705514,0.023019517213836833,U,False,,,
2025-03,Back-Office,Opex - Facilities,9233.913035250249,9157.5,76.41303525024887,0.00834431179363897,U,False,,,
2025-04,Back-Office,Opex - Facilities,9495.44863346536,9168.75,326.6986334653593,0.035631752797857866,U,False,,,
2025-05,Back-Office,Opex - Facilities,9077.6292217603,9180.0,-102.37077823969958,-0.011151500897570759,F,False,,,
2025-06,Back-Office,Opex - Facilities,9504.501223881864,9191.25,313.25122388186355,0.0340814605066627,U,False,,,
2025-07,Back-Office,Opex - Facilities,9406.79943028772,9202.5,204.2994302877196,0.022200427089130084,U,False,,,
2025-08,Back-Office,Opex - Facilities,9678.62513628249,9213.75,464.8751362824896,0.05045449857902479,U,False,,,
2025-09,Back-Office,Opex - Facilities,8922.381798224646,9225.0,-302.61820177535446,-0.03280414111385956,F,False,,,
2025-10,Back-Office,Opex - Facilities,9484.025335664464,9236.250000000002,247.77533566446255,0.026826399855402625,U,False,,,
2025-11,Back-Office,Opex - Facilities,9040.513691148177,9247.5,-206.9863088518232,-0.022382947699575367,F,False,,,
2025-12,Back-Office,Opex - Facilities,9552.96263377519,9258.75,294.2126337751906,0.031776712166889765,U,False,,,
2026-01,Back-Office,Opex - Facilities,9628.00678213737,9270.0,358.00678213737046,0.038619933348152155,U,False,,,
2026-02,Back-Office,Opex - Facilities,9120.342609282128,9281.25,-160.90739071787175,-0.017336823242329616,F,False,,,
2026-03,Back-Office,Opex - Facilities,9368.6624514706,9292.5,76.16245147059999,0.008196120685563626,U,False,,,
2026-04,Back-Office,Opex - Facilities,9311.874949963882,9303.75,8.12494996388159,0.0008732983973001844,U,False,,,
2026-05,Back-Office,Opex - Facilities,8999.841665251011,9315.0,-315.15833474898864,-0.03383342294675133,F,False,,,
2026-06,Back-Office,Opex - Facilities,9232.258404074077,9326.249999999998,-93.9915959259215,-0.01007817675120456,F,False,,,
2024-01,Back-Office,Opex - IT,14656.532460191196,15000.0,-343.46753980880385,-0.02289783598725359,F,False,,,
2024-02,Back-Office,Opex - IT,17492.32734829896,15025.0,2467.3273482989607,0.16421479855567125,U,False,,,
2024-03,Back-Office,Opex - IT,14579.881404846778,15050.000000000002,-470.1185951532243,-0.03123711595702487,F,False,,,
2024-04,Back-Office,Opex - IT,14026.92901907507,15074.999999999998,-1048.0709809249274,-0.06952377982918259,F,False,,,
2024-05,Back-Office,Opex - IT,14686.452146094029,15099.999999999998,-413.54785390596953,-0.027387275093110567,F,False,,,
2024-06,Back-Office,Opex - IT,16074.661284295842,15125.0,949.661284295842,0.06278752292865071,U,False,,,
2024-07,Back-Office,Opex - IT,15360.538306070936,15150.0,210.5383060709355,0.013896917892470991,U,False,,,
2024-08,Back-Office,Opex - IT,14646.41532784603,15175.0,-528.5846721539692,-0.03483259783551692,F,False,,,
2024-09,Back-Office,Opex - IT,14901.154015984312,15200.000000000002,-298.8459840156902,-0.019660920001032246,F,False,,,
2024-10,Back-Office,Opex - IT,14110.33985089966,15224.999999999998,-1114.6601491003385,-0.07321248926767412,F,False,,,
2024-11,Back-Office,Opex - IT,39366.12468415148,15250.0,24116.12468415148,1.581385225190261,U,False,single,N06,
2024-12,Back-Office,Opex - IT,14010.134544642337,15275.0,-1264.8654553576634,-0.0828062491232513,F,False,,,
2025-01,Back-Office,Opex - IT,14048.728935263667,15300.0,-1251.2710647363328,-0.08178242253178646,F,False,,,
2025-02,Back-Office,Opex - IT,15671.45164105906,15325.0,346.4516410590604,0.02260695863354391,U,False,,,
2025-03,Back-Office,Opex - IT,15119.540023139862,15350.000000000002,-230.45997686014016,-0.01501367927427623,F,False,,,
2025-04,Back-Office,Opex - IT,16607.146839111352,15374.999999999998,1232.146839111354,0.0801396318121206,U,False,,,
2025-05,Back-Office,Opex - IT,16036.078608828988,15400.0,636.0786088289879,0.0413038057681161,U,False,,,
2025-06,Back-Office,Opex - IT,17627.89780815701,15425.0,2202.8978081570094,0.14281347216577048,U,False,,,
2025-07,Back-Office,Opex - IT,16235.318732576538,15450.0,785.3187325765375,0.050829691428902105,U,False,,,
2025-08,Back-Office,Opex - IT,13890.556894441655,15475.000000000002,-1584.4431055583464,-0.10238727661120169,F,False,,,
2025-09,Back-Office,Opex - IT,15751.468623353248,15500.000000000002,251.46862335324658,0.01622378215182236,U,False,,,
2025-10,Back-Office,Opex - IT,17757.57096897264,15524.999999999998,2232.570968972641,0.1438048933315711,U,False,,,
2025-11,Back-Office,Opex - IT,15362.09146425698,15550.0,-187.90853574301946,-0.012084150208554306,F,False,,,
2025-12,Back-Office,Opex - IT,16815.643926831308,15575.0,1240.643926831308,0.07965611087199409,U,False,,,
2026-01,Back-Office,Opex - IT,16073.341482887725,15600.0,473.34148288772485,0.03034240274921313,U,False,,,
2026-02,Back-Office,Opex - IT,15372.395943263244,15625.000000000002,-252.60405673675814,-0.01616665963115252,F,False,,,
2026-03,Back-Office,Opex - IT,15955.6186950009,15650.000000000002,305.6186950008978,0.019528351118268228,U,False,,,
2026-04,Back-Office,Opex - IT,13340.24617783389,15674.999999999998,-2334.753822166109,-0.1489476122594009,F,False,,,
2026-05,Back-Office,Opex - IT,17661.166381465286,15700.0,1961.1663814652857,0.1249150561442857,U,False,,,
2026-06,Back-Office,Opex - IT,18036.432437763306,15725.0,2311.4324377633056,0.14699093403900196,U,False,,,
2024-01,Back-Office,Opex - Marketing,440.8729790830845,455.0,-14.127020916915512,-0.031048397619594534,F,False,,,
2024-02,Back-Office,Opex - Marketing,502.8622463896598,470.0,32.86224638965979,0.06991967316948891,U,False,,,
2024-03,Back-Office,Opex - Marketing,492.9729490943992,485.0,7.972949094399212,0.016439070297730334,U,False,,,
2024-04,Back-Office,Opex - Marketing,539.1886637830918,522.5,16.688663783091783,0.03194002637912303,U,False,,,
2024-05,Back-Office,Opex - Marketing,488.99475865490245,537.5,-48.505241345097545,-0.09024230947925124,F,False,,,
2024-06,Back-Office,Opex - Marketing,394.06854988351,530.0,-135.93145011649,-0.2564744341820566,F,False,,,
2024-07,Back-Office,Opex - Marketing,591.2692589981646,477.5,113.76925899816456,0.23826022826840745,U,False,,,
2024-08,Back-Office,Opex - Marketing,417.0617915799594,440.0,-22.93820842004061,-0.052132291863728655,F,False,,,
2024-09,Back-Office,Opex - Marketing,507.9683032755876,492.5,15.468303275587573,0.03140772238697984,U,False,,,
2024-10,Back-Office,Opex - Marketing,478.9271624484534,530.0,-51.07283755154663,-0.09636384443688042,F,False,,,
2024-11,Back-Office,Opex - Marketing,602.1799623685534,544.9999999999999,57.17996236855356,0.104917362144135,U,False,,,
2024-12,Back-Office,Opex - Marketing,551.1356778766127,515.0,36.135677876612704,0.0701663648089567,U,False,,,
2025-01,Back-Office,Opex - Marketing,439.0316666090819,455.0,-15.968333390918076,-0.03509523822179797,F,False,,,
2025-02,Back-Office,Opex - Marketing,538.6754067358555,470.0,68.67540673585552,0.14611788667203301,U,False,,,
2025-03,Back-Office,Opex - Marketing,511.6138327149102,485.0,26.61383271491019,0.05487388188641276,U,False,,,
2025-04,Back-Office,Opex - Marketing,405.0802179834403,522.5,-117.41978201655968,-0.2247268555340855,F,False,,,
2025-05,Back-Office,Opex - Marketing,634.1207055808444,537.5,96.6207055808444,0.17975945224343146,U,False,,,
2025-06,Back-Office,Opex - Marketing,638.5840494957542,530.0,108.58404949575424,0.20487556508632876,U,False,,,
2025-07,Back-Office,Opex - Marketing,537.1715165013404,477.5,59.67151650134042,0.12496652670437784,U,False,,,
2025-08,Back-Office,Opex - Marketing,415.5275538106384,440.0,-24.47244618936162,-0.05561919588491277,F,False,,,
2025-09,Back-Office,Opex - Marketing,493.09361914463983,492.5,0.5936191446398311,0.0012053180601823983,U,False,,,
2025-10,Back-Office,Opex - Marketing,525.7743331155891,530.0,-4.2256668844108844,-0.007972956385680914,F,False,,,
2025-11,Back-Office,Opex - Marketing,486.00771774233823,544.9999999999999,-58.99228225766166,-0.10824271973882875,F,False,,,
2025-12,Back-Office,Opex - Marketing,508.6817411690009,515.0,-6.318258830999127,-0.012268463749512869,F,False,,,
2026-01,Back-Office,Opex - Marketing,470.6795231661413,455.0,15.67952316614128,0.03446049047503578,U,False,,,
2026-02,Back-Office,Opex - Marketing,480.2098661560947,470.0,10.209866156094677,0.021723119481052502,U,False,,,
2026-03,Back-Office,Opex - Marketing,465.5033598637336,485.0,-19.49664013626642,-0.04019925801292046,F,False,,,
2026-04,Back-Office,Opex - Marketing,411.90480504128976,522.5,-110.59519495871024,-0.21166544489705308,F,False,,,
2026-05,Back-Office,Opex - Marketing,558.7814457506568,537.5,21.281445750656758,0.03959338744308234,U,False,,,
2026-06,Back-Office,Opex - Marketing,605.6567200352787,530.0,75.65672003527868,0.14274852836845034,U,False,,,
2024-01,Back-Office,Opex - Travel,1100.6216074553445,1410.0,-309.3783925446555,-0.21941729967706067,F,False,,,
2024-02,Back-Office,Opex - Travel,1199.2888076054778,1410.0,-210.7111923945222,-0.14944056198193062,F,False,,,
2024-03,Back-Office,Opex - Travel,1203.1872813986995,1455.0,-251.8127186013005,-0.173067160550722,F,False,,,
2024-04,Back-Office,Opex - Travel,1659.5528743963375,1567.5,92.05287439633753,0.05872591668027913,U,False,,,
2024-05,Back-Office,Opex - Travel,1609.6679942305118,1612.5,-2.8320057694882053,-0.0017562826477446234,F,False,,,
2024-06,Back-Office,Opex - Travel,1506.8877273090209,1590.0,-83.11227269097913,-0.052271869616968,F,False,,,
2024-07,Back-Office,Opex - Travel,1482.5444766817816,1432.5,50.04447668178159,0.034935062256042995,U,False,,,
2024-08,Back-Office,Opex - Travel,1485.2277011306053,1319.9999999999998,165.2277011306055,0.12517250085651935,U,False,,,
2024-09,Back-Office,Opex - Travel,1414.7396817185706,1477.4999999999998,-62.760318281429136,-0.04247737277930907,F,False,,,
2024-10,Back-Office,Opex - Travel,1221.0633940306031,1590.0,-368.93660596939685,-0.23203560123861436,F,False,,,
2024-11,Back-Office,Opex - Travel,1625.687932511588,1634.9999999999998,-9.312067488411685,-0.0056954541213527134,F,False,,,
2024-12,Back-Office,Opex - Travel,1542.8915706676266,1545.0,-2.108429332373362,-0.001364679179529684,F,False,,,
2025-01,Back-Office,Opex - Travel,1458.604743314991,1364.9999999999998,93.60474331499131,0.06857490352746617,U,False,,,
2025-02,Back-Office,Opex - Travel,1279.8730116927672,1410.0,-130.12698830723275,-0.09228864418952677,F,False,,,
2025-03,Back-Office,Opex - Travel,1463.4789151511077,1455.0,8.478915151107685,0.005827433093544801,U,False,,,
2025-04,Back-Office,Opex - Travel,1313.58506487909,1567.5,-253.91493512091006,-0.16198719943917708,F,False,,,
2025-05,Back-Office,Opex - Travel,1762.5976639990229,1612.5,150.09766399902287,0.09308382263505294,U,False,,,
2025-06,Back-Office,Opex - Travel,1428.6042029891182,1590.0,-161.39579701088178,-0.10150679057288162,F,False,,,
2025-07,Back-Office,Opex - Travel,1495.8946606672307,1432.5,63.39466066723071,0.04425456242040538,U,False,,,
2025-08,Back-Office,Opex - Travel,1331.0379822181933,1319.9999999999998,11.03798221819352,0.008362107741055698,U,False,,,
2025-09,Back-Office,Opex - Travel,1677.054861620755,1477.4999999999998,199.55486162075522,0.13506251209526582,U,False,,,
2025-10,Back-Office,Opex - Travel,1581.859659221161,1590.0,-8.14034077883889,-0.005119711181659679,F,False,,,
2025-11,Back-Office,Opex - Travel,1601.8235634859277,1634.9999999999998,-33.176436514072066,-0.020291398479554783,F,False,,,
2025-12,Back-Office,Opex - Travel,1268.953689493632,1545.0,-276.04631050636794,-0.17867075113680772,F,False,,,
2026-01,Back-Office,Opex - Travel,1217.0751100656246,1364.9999999999998,-147.9248899343752,-0.10836988273580601,F,False,,,
2026-02,Back-Office,Opex - Travel,1365.0059698214634,1410.0,-44.994030178536605,-0.03191065970108979,F,False,,,
2026-03,Back-Office,Opex - Travel,1500.3163873911506,1455.0,45.316387391150556,0.031145283430344024,U,False,,,
2026-04,Back-Office,Opex - Travel,1385.3440363789005,1567.5,-182.15596362109954,-0.11620795127342874,F,False,,,
2026-05,Back-Office,Opex - Travel,1181.5054476621513,1612.5,-430.99455233784875,-0.2672834433102938,F,False,,,
2026-06,Back-Office,Opex - Travel,1538.1243412013366,1590.0,-51.87565879866338,-0.03262620050230401,F,False,,,
2024-01,Back-Office,Payroll,162009.4537328655,163333.33333333334,-1323.8796004678297,-0.008105385308986713,F,False,,,
2024-02,Back-Office,Payroll,165453.77383924858,163736.15739614295,1717.616443105624,0.010490147505721819,U,False,,,
2024-03,Back-Office,Payroll,166159.7395378985,164139.97493176218,2019.764606136334,0.012305135339371226,U,False,,,
2024-04,Back-Office,Payroll,160912.4927992756,164544.78839036304,-3632.29559108743,-0.02207481395564008,F,False,,,
2024-05,Back-Office,Payroll,159368.79513727667,164950.6002281603,-5581.80509088363,-0.03383925298339537,F,False,,,
2024-06,Back-Office,Payroll,166951.67940284577,165357.41290742633,1594.2664954194333,0.009641336710510628,U,False,,,
2024-07,Back-Office,Payroll,168536.18664142734,165765.22889650628,2770.957744921063,0.016716157926286702,U,False,,,
2024-08,Back-Office,Payroll,168251.50946793615,166174.05066983268,2077.458798103471,0.01250170402496311,U,False,,,
2024-09,Back-Office,Payroll,165055.17210844584,166583.88070794096,-1528.7085994951194,-0.009176809862986022,F,False,,,
2024-10,Back-Office,Payroll,164381.5335417845,166994.721497484,-2613.1879556994827,-0.015648326679228924,F,False,,,
2024-11,Back-Office,Payroll,163955.2756328231,167406.57553124748,-3451.2998984243895,-0.02061627440542312,F,False,,,
2024-12,Back-Office,Payroll,169992.65574097293,167819.44530816507,2173.2104328078567,0.01294969381418949,U,False,,,
2025-01,Back-Office,Payroll,162972.75119807117,168233.33333333334,-5260.5821352621715,-0.03126955895737371,F,False,,,
2025-02,Back-Office,Payroll,163600.13243526677,168648.24211802724,-5048.109682760463,-0.029932773798066515,F,False,,,
2025-03,Back-Office,Payroll,170578.35930379652,169064.17417971505,1514.1851240814722,0.008956274334454175,U,False,,,
2025-04,Back-Office,Payroll,172216.5855858995,169481.13204207396,2735.4535438255407,0.01614016563888929,U,False,,,
2025-05,Back-Office,Payroll,170235.63681027884,169899.11823500512,336.5185752737161,0.0019806964201441136,U,False,,,
2025-06,Back-Office,Payroll,169298.7311681443,170318.13529464914,-1019.4041265048436,-0.005985294077705124,F,False,,,
2025-07,Back-Office,Payroll,172922.3588178821,170738.18576340147,2184.173054480634,0.012792528189958206,U,False,,,
2025-08,Back-Office,Payroll,165053.64053329302,171159.2721899277,-6105.6316566346795,-0.035672222594283626,F,False,,,
2025-09,Back-Office,Payroll,172457.19462178403,171581.39712917918,875.7974926048482,0.005104268337117473,U,False,,,
2025-10,Back-Office,Payroll,167523.32097675558,172004.5631424085,-4481.242165652919,-0.02605304233668931,F,False,,,
2025-11,Back-Office,Payroll,172581.24251916396,172428.7727971849,152.46972197905416,0.0008842475620840433,U,False,,,
2025-12,Back-Office,Payroll,174206.66212230286,172854.02866741,1352.6334548928717,0.007825293198664672,U,False,,,
2026-01,Back-Office,Payroll,170351.73861108793,173280.33333333334,-2928.5947222454124,-0.016900906559383037,F,False,,,
2026-02,Back-Office,Payroll,169385.12681493032,173707.68938156802,-4322.562566637702,-0.024884117577217427,F,False,,,
2026-03,Back-Office,Payroll,171948.71984533494,174136.0994051065,-2187.3795597715653,-0.012561321674507547,F,False,,,
2026-04,Back-Office,Payroll,179585.2929093974,174565.56600333616,5019.726906061231,0.028755538798329205,U,False,,,
2026-05,Back-Office,Payroll,179245.6612769355,174996.0917820553,4249.569494880212,0.02428379657857009,U,False,,,
2026-06,Back-Office,Payroll,172289.81832544162,175427.6793534886,-3137.8610280469875,-0.01788692092155061,F,False,,,
2024-01,Back-Office,Revenue,630318.995687847,583333.3333333334,46985.66235451365,0.08054684975059483,F,False,,,
2024-02,Back-Office,Revenue,631614.7270332089,668849.1598547994,-37234.43282159045,-0.05566940209609247,U,False,,,
2024-03,Back-Office,Revenue,742185.9949431818,754918.6477024195,-12732.652759237797,-0.01686625810342529,U,False,,,
2024-04,Back-Office,Revenue,959348.170115886,967776.1812760952,-8428.011160209193,-0.008708636690248094,U,False,,,
2024-05,Back-Office,Revenue,1119357.4447004471,1055374.3789793514,63983.06572109577,0.06062594184158,F,False,,,
2024-06,Back-Office,Revenue,929788.4778608948,1016476.2240661724,-86687.74620527762,-0.08528261080077587,U,False,,,
2024-07,Back-Office,Revenue,696577.3276813033,722361.0977589779,-25783.77007767465,-0.03569374120182429,U,False,,,
2024-08,Back-Office,Revenue,507301.4612721606,511571.23766246415,-4269.776390303567,-0.008346396505428193,U,False,,,
2024-09,Back-Office,Revenue,844771.3172886308,812639.482226495,32131.83506213571,0.03954008605894942,F,False,,,
2024-10,Back-Office,Revenue,913902.5277358976,1029852.445172268,-115949.9174363704,-0.11258886453095224,U,False,single,,"Lower internal rebilling of shared services in October; two group entities were invoiced in November instead. Timing only. (FP&A Analyst, 2024-11-08)"
2024-11,Back-Office,Revenue,1181614.484736204,1119325.9069328087,62288.57780339522,0.05564829458301308,F,False,,,
2024-12,Back-Office,Revenue,976759.8428369222,950222.5519630295,26537.290873892605,0.02792744796371145,F,False,,,
2025-01,Back-Office,Revenue,600275.7362309843,606666.6666666667,-6390.930435682414,-0.010534500718157824,U,False,,,
2025-02,Back-Office,Revenue,734835.7984309909,695603.1262489913,39232.672181999544,0.0564009428674652,F,False,,,
2025-03,Back-Office,Revenue,740357.4991705603,785115.3936105162,-44757.89443995594,-0.05700804595631155,U,False,,,
2025-04,Back-Office,Revenue,1014444.4705043086,1006487.2285271388,7957.2419771697605,0.007905954245255684,F,False,,,
2025-05,Back-Office,Revenue,1041578.1060981976,1097589.3541385254,-56011.2480403278,-0.05103115097566689,U,False,,,
2025-06,Back-Office,Revenue,1009927.2788538436,1057135.2730288194,-47207.994174975785,-0.044656531079243264,U,False,,,
2025-07,Back-Office,Revenue,716665.8434492111,751255.5416693371,-34589.69822012598,-0.04604251989045631,U,False,,,
2025-08,Back-Office,Revenue,548976.8798232684,532034.0871689628,16942.79265430558,0.031845314168610604,F,False,,,
2025-09,Back-Office,Revenue,918207.6552022028,845145.0615155549,73062.59368664795,0.08644976704428536,F,False,,,
2025-10,Back-Office,Revenue,1092306.3511929722,1071046.5429791587,21259.808213813463,0.019849565224942006,F,False,,,
2025-11,Back-Office,Revenue,1164765.124387669,1164098.9432101212,666.1811775476672,0.0005722719545733843,F,False,,,
2025-12,Back-Office,Revenue,926451.3968895124,988231.4540415508,-61780.057152038324,-0.06251577694615734,U,False,,,
2026-01,Back-Office,Revenue,663295.0662702197,630933.3333333335,32361.732936886256,0.0512918421442618,F,False,,,
2026-02,Back-Office,Revenue,763215.0140455387,723427.251298951,39787.762746587745,0.05499898251710419,F,False,,,
2026-03,Back-Office,Revenue,826844.2849291842,816520.009354937,10324.275574247236,0.01264424074849503,F,False,,,
2026-04,Back-Office,Revenue,987112.039322795,1046746.7176682244,-59634.67834542936,-0.056971450054578626,U,False,,,
2026-05,Back-Office,Revenue,1143257.5210159034,1141492.9283040666,1764.5927118367981,0.0015458639016349232,F,False,,,
2026-06,Back-Office,Revenue,1078542.327201937,1099421.0,-20878.672798062908,-0.01899060759987567,U,False,,,
2024-01,Digital,COGS,424793.2983736431,437500.0,-12706.701626356924,-0.029043889431672968,F,False,,,
2024-02,Digital,COGS,514676.61855799175,501636.86989109946,13039.748666892294,0.0259943984375054,U,False,,,
2024-03,Digital,COGS,578130.806282228,566188.9857768146,11941.820505413343,0.02109158038288063,U,False,,,
2024-04,Digital,COGS,748440.2640135643,725832.1359570712,22608.128056493122,0.03114787419364174,U,False,,,
2024-05,Digital,COGS,848457.1441304629,791530.7842345134,56926.359895949485,0.07191932522372173,U,False,,,
2024-06,Digital,COGS,801545.3325099216,762357.1680496291,39188.16446029255,0.05140394306326168,U,False,,,
2024-07,Digital,COGS,457358.9102242281,541770.8233192334,-84411.91309500526,-0.1558074179370607,F,False,single,,"Contractor spend deferred during the summer staffing gap on the delivery bench; caught up from September. (FP&A Analyst, 2024-08-09)"
2024-08,Digital,COGS,370301.3754297013,383678.4282468481,-13377.052817146818,-0.03486527214540295,F,False,,,
2024-09,Digital,COGS,612579.0240144501,609479.6116698713,3099.4123445788864,0.005085342126682498,U,False,,,
2024-10,Digital,COGS,793013.3419252872,772389.333879201,20624.00804608618,0.026701570233376246,U,False,,,
2024-11,Digital,COGS,898024.9809199979,839494.4301996065,58530.550720391446,0.06972119005777637,U,False,,,
2024-12,Digital,COGS,644908.9769344913,712667.0,-67758.02306550869,-0.09507669509814358,F,False,episode,,"External development spend paused over the year-end delivery freeze and resumed in February. This recurs every holiday season; budget phasing to be corrected in the next cycle. (FP&A Analyst, 2025-02-10)"
2025-01,Digital,COGS,379131.55007164687,455000.0,-75868.44992835313,-0.1667438459963805,F,False,episode,,"External development spend paused over the year-end delivery freeze and resumed in February. This recurs every holiday season; budget phasing to be corrected in the next cycle. (FP&A Analyst, 2025-02-10)"
2025-02,Digital,COGS,515991.6743946214,521702.34468674345,-5710.670292122057,-0.010946223167831521,F,False,,,
2025-03,Digital,COGS,655359.3044236718,588836.5452078872,66522.75921578461,0.11297321770729928,U,False,single,,
2025-04,Digital,COGS,781125.0895183204,754865.4213953542,26259.66812296619,0.03478721819635837,U,False,,,
2025-05,Digital,COGS,819289.547068885,823192.015603894,-3902.468535009073,-0.004740654016361202,F,False,,,
2025-06,Digital,COGS,710288.6783891169,792851.4547716144,-82562.77638249751,-0.10413397854744456,F,False,single,,"June delivery mix skewed toward license resale rather than custom build, which carries lower external cost. (FP&A Analyst, 2025-07-10)"
2025-07,Digital,COGS,546210.326664504,563441.6562520027,-17231.32958749868,-0.03058227838907222,F,False,,,
2025-08,Digital,COGS,438096.3181087886,399025.5653767221,39070.752732066496,0.09791541224978804,U,False,,,
2025-09,Digital,COGS,640064.6095963456,633858.7961366662,6205.813459679368,0.00979052984277169,U,False,,,
2025-10,Digital,COGS,794107.5014474862,803284.907234369,-9177.405786882737,-0.011424845287433127,F,False,,,
2025-11,Digital,COGS,830072.5903641192,873074.2074075908,-43001.61704347166,-0.0492531066415945,F,False,,,
2025-12,Digital,COGS,690114.795086544,741173.5905311632,-51058.79544461914,-0.06888911868544557,F,False,,,
2026-01,Digital,COGS,509624.91718311375,473200.0,36424.91718311375,0.07697573369212542,U,False,,,
2026-02,Digital,COGS,520019.6823832168,542570.4384742131,-22550.75609099632,-0.041562817455393114,F,False,,,
2026-03,Digital,COGS,635060.1982327378,612390.0070162027,22670.191216535168,0.03701920501118719,U,False,,,
2026-04,Digital,COGS,772825.9870198044,785060.0382511683,-12234.051231363905,-0.015583586777155253,F,False,,,
2026-05,Digital,COGS,895245.8809430493,856119.6962280497,39126.18471499963,0.04570176914207725,U,False,,,
2026-06,Digital,COGS,814075.6055589156,824565.512962479,-10489.907403563382,-0.012721739193136392,F,False,,,
2024-01,Digital,Opex - Facilities,6144.645303488148,6000.0,144.64530348814787,0.024107550581357978,U,False,,,
2024-02,Digital,Opex - Facilities,5677.52499753663,6007.5,-329.9750024633704,-0.05492717477542578,F,False,,,
2024-03,Digital,Opex - Facilities,5980.850858678025,6015.0,-34.14914132197464,-0.00567733022809221,F,False,,,
2024-04,Digital,Opex - Facilities,5962.608374506328,6022.499999999999,-59.8916254936712,-0.009944645162917595,F,False,,,
2024-05,Digital,Opex - Facilities,6042.551047345519,6029.999999999999,12.551047345519692,0.0020814340539833656,U,False,,,
2024-06,Digital,Opex - Facilities,5886.556075022415,6037.500000000001,-150.943924977586,-0.02500106417848215,F,False,,,
2024-07,Digital,Opex - Facilities,6245.571897632688,6045.0,200.57189763268798,0.03317980109721885,U,False,,,
2024-08,Digital,Opex - Facilities,5990.89914078876,6052.5,-61.60085921124028,-0.010177754516520492,F,False,,,
2024-09,Digital,Opex - Facilities,6076.638368391889,6060.0,16.638368391889344,0.0027456053451962613,U,False,,,
2024-10,Digital,Opex - Facilities,6188.653152639952,6067.5,121.15315263995217,0.019967557089402913,U,False,,,
2024-11,Digital,Opex - Facilities,5741.226241151794,6075.0,-333.77375884820594,-0.05494218252645365,F,False,,,
2024-12,Digital,Opex - Facilities,5808.330681858937,6082.5,-274.16931814106283,-0.045075103681226934,F,False,,,
2025-01,Digital,Opex - Facilities,5804.812908907915,6089.999999999999,-285.1870910920843,-0.046828750589833226,F,False,,,
2025-02,Digital,Opex - Facilities,5971.579500272939,6097.500000000001,-125.92049972706172,-0.02065116846692279,F,False,,,
2025-03,Digital,Opex - Facilities,6362.109887956989,6105.0,257.10988795698904,0.042114641761996564,U,False,,,
2025-04,Digital,Opex - Facilities,5939.921735659761,6112.5,-172.578264340239,-0.028233662877748714,F,False,,,
2025-05,Digital,Opex - Facilities,5680.413808020274,6120.0,-439.5861919797262,-0.07182780914701409,F,False,,,
2025-06,Digital,Opex - Facilities,6098.23784101856,6127.5,-29.262158981439825,-0.004775546141401848,F,False,,,
2025-07,Digital,Opex - Facilities,6189.555733048835,6135.0,54.555733048834554,0.008892540024259911,U,False,,,
2025-08,Digital,Opex - Facilities,5978.716875104373,6142.5,-163.78312489562722,-0.02666391939692751,F,False,,,
2025-09,Digital,Opex - Facilities,6120.544887280636,6149.999999999999,-29.45511271936266,-0.004789449222660596,F,False,,,
2025-10,Digital,Opex - Facilities,5991.30388056605,6157.500000000001,-166.19611943395103,-0.026990843594632725,F,False,,,
2025-11,Digital,Opex - Facilities,5719.284932425314,6165.000000000001,-445.71506757468705,-0.07229765897399627,F,False,,,
2025-12,Digital,Opex - Facilities,6017.422714148524,6172.5,-155.0772858514756,-0.02512390212255579,F,False,,,
2026-01,Digital,Opex - Facilities,5942.489769050783,6180.0,-237.51023094921675,-0.03843207620537488,F,False,,,
2026-02,Digital,Opex - Facilities,6080.294344034607,6187.5,-107.2056559653929,-0.01732616662066956,F,False,,,
2026-03,Digital,Opex - Facilities,5881.731738564034,6195.0,-313.26826143596645,-0.05056791952154422,F,False,,,
2026-04,Digital,Opex - Facilities,5963.833757452774,6202.5,-238.66624254722592,-0.038479039507815546,F,False,,,
2026-05,Digital,Opex - Facilities,6260.0985753025225,6209.999999999999,50.098575302523386,0.008067403430358035,U,False,,,
2026-06,Digital,Opex - Facilities,5767.456148773376,6217.499999999999,-450.0438512266228,-0.07238340992788465,F,False,,,
2024-01,Digital,Opex - IT,11656.303979448548,12000.0,-343.6960205514515,-0.028641335045954293,F,False,,,
2024-02,Digital,Opex - IT,11893.94707669868,12020.0,-126.05292330132033,-0.010486932055018331,F,False,,,
2024-03,Digital,Opex - IT,12452.144072477346,12040.000000000002,412.1440724773438,0.03423123525559334,U,False,,,
2024-04,Digital,Opex - IT,13089.656187508648,12059.999999999998,1029.65618750865,0.08537779332575872,U,False,,,
2024-05,Digital,Opex - IT,14087.193983277548,12080.0,2007.1939832775479,0.16615844232430033,U,False,,,
2024-06,Digital,Opex - IT,12403.86314869091,12100.0,303.86314869091075,0.025112656916604192,U,False,,,
2024-07,Digital,Opex - IT,13998.33933509166,12120.0,1878.3393350916594,0.15497849299436134,U,False,,,
2024-08,Digital,Opex - IT,12741.3389888065,12140.0,601.3389888064994,0.04953368935803125,U,False,,,
2024-09,Digital,Opex - IT,13554.231072026489,12160.000000000002,1394.2310720264868,0.11465716052849396,U,False,,,
2024-10,Digital,Opex - IT,11350.262162857383,12179.999999999998,-829.7378371426148,-0.06812297513486165,F,False,,,
2024-11,Digital,Opex - IT,13113.093994453986,12200.0,913.0939944539859,0.07484377003721196,U,False,,,
2024-12,Digital,Opex - IT,11516.636123940789,12220.0,-703.3638760592112,-0.05755841866278324,F,False,,,
2025-01,Digital,Opex - IT,12695.4065411427,12240.0,455.4065411427,0.03720641676002451,U,False,,,
2025-02,Digital,Opex - IT,12915.494158560325,12260.0,655.4941585603246,0.05346608144863986,U,False,,,
2025-03,Digital,Opex - IT,12092.023667470776,12280.000000000002,-187.97633252922606,-0.015307518935604725,F,False,,,
2025-04,Digital,Opex - IT,11944.017850194934,12299.999999999998,-355.9821498050642,-0.028941638195533678,F,False,,,
2025-05,Digital,Opex - IT,13451.284158419,12320.0,1131.2841584189991,0.091825012858685,U,False,,,
2025-06,Digital,Opex - IT,12089.86566393452,12340.0,-250.13433606547915,-0.0202702055158411,F,False,,,
2025-07,Digital,Opex - IT,12910.30026819245,12360.0,550.30026819245,0.044522675420101125,U,False,,,
2025-08,Digital,Opex - IT,11147.475141559897,12380.0,-1232.5248584401033,-0.0995577430080859,F,False,,,
2025-09,Digital,Opex - IT,13133.497370922543,12400.000000000002,733.4973709225414,0.05915301378407591,U,False,,,
2025-10,Digital,Opex - IT,12680.358782877103,12419.999999999998,260.3587828771051,0.020962864965950494,U,False,,,
2025-11,Digital,Opex - IT,12801.709757017445,12440.0,361.70975701744464,0.029076347027125776,U,False,,,
2025-12,Digital,Opex - IT,11287.150447672871,12460.0,-1172.8495523271285,-0.09412917755434419,F,False,,,
2026-01,Digital,Opex - IT,10830.88366645782,12480.0,-1649.1163335421807,-0.1321407318543414,F,False,,,
2026-02,Digital,Opex - IT,13015.410402900812,12500.0,515.4104029008122,0.041232832232064975,U,False,,,
2026-03,Digital,Opex - IT,12968.816322918505,12520.000000000002,448.8163229185029,0.035847949114896395,U,False,,,
2026-04,Digital,Opex - IT,11730.819979198845,12540.0,-809.1800208011555,-0.06452791234458975,F,False,,,
2026-05,Digital,Opex - IT,12592.261790805996,12560.0,32.2617908059965,0.0025686139176748805,U,False,,,
2026-06,Digital,Opex - IT,11532.754196751486,12580.0,-1047.2458032485138,-0.08324688420099474,F,False,,,
2024-01,Digital,Opex - Marketing,4145.899096551188,4550.0,-404.10090344881155,-0.08881338537336518,F,False,,,
2024-02,Digital,Opex - Marketing,4923.107631577705,4700.0,223.10763157770543,0.047469708846320305,U,False,,,
2024-03,Digital,Opex - Marketing,4532.672610806536,4850.0,-317.3273891934641,-0.06542832766875549,F,False,,,
2024-04,Digital,Opex - Marketing,4453.341790698106,5225.0,-771.6582093018942,-0.14768578168457305,F,False,,,
2024-05,Digital,Opex - Marketing,6423.669251067886,5375.0,1048.6692510678859,0.19510125601262993,U,False,,,
2024-06,Digital,Opex - Marketing,5286.292690584456,5300.0,-13.707309415543932,-0.0025862847953856474,F,False,,,
2024-07,Digital,Opex - Marketing,4635.001017375216,4775.0,-139.99898262478382,-0.029319158664876194,F,False,,,
2024-08,Digital,Opex - Marketing,4481.543285742767,4399.999999999999,81.5432857427677,0.018532564941538116,U,False,,,
2024-09,Digital,Opex - Marketing,5034.866773242948,4924.999999999999,109.86677324294851,0.02230797426252762,U,False,,,
2024-10,Digital,Opex - Marketing,5528.059720247504,5300.0,228.05972024750372,0.04303013589575542,U,False,,,
2024-11,Digital,Opex - Marketing,5281.773184727204,5449.999999999999,-168.22681527279474,-0.03086730555464124,F,False,,,
2024-12,Digital,Opex - Marketing,5611.020265715419,5150.0,461.02026571541865,0.08951849819716867,U,False,,,
2025-01,Digital,Opex - Marketing,4295.394609847482,4550.0,-254.60539015251834,-0.05595722860494909,F,False,,,
2025-02,Digital,Opex - Marketing,4861.983256330945,4700.0,161.98325633094464,0.03446452262360524,U,False,,,
2025-03,Digital,Opex - Marketing,5497.8554031153135,4850.0,647.8554031153135,0.1335784336320234,U,False,,,
2025-04,Digital,Opex - Marketing,6042.565166322525,5225.0,817.5651663225253,0.1564718021669905,U,False,,,
2025-05,Digital,Opex - Marketing,5085.410416780463,5375.0,-289.5895832195374,-0.0538771317617744,F,False,,,
2025-06,Digital,Opex - Marketing,5205.0098885116295,5300.0,-94.99011148837053,-0.01792266254497557,F,False,,,
2025-07,Digital,Opex - Marketing,4958.855615230788,4775.0,183.85561523078832,0.03850379376561012,U,False,,,
2025-08,Digital,Opex - Marketing,3945.804424945751,4399.999999999999,-454.1955750542479,-0.10322626705778364,F,False,,,
2025-09,Digital,Opex - Marketing,5368.340897779831,4924.999999999999,443.3408977798317,0.09001845640199631,U,False,,,
2025-10,Digital,Opex - Marketing,5263.970464328266,5300.0,-36.029535671734266,-0.0067980255984404275,F,False,,,
2025-11,Digital,Opex - Marketing,5312.378052804883,5449.999999999999,-137.62194719511626,-0.025251733430296568,F,False,,,
2025-12,Digital,Opex - Marketing,6178.607713335217,5150.0,1028.6077133352173,0.19972965307479948,U,False,,,
2026-01,Digital,Opex - Marketing,5378.690977119964,4550.0,828.6909771199644,0.18212988508131084,U,False,,,
2026-02,Digital,Opex - Marketing,3865.7678319682,4700.0,-834.2321680318,-0.17749620596421278,F,False,,,
2026-03,Digital,Opex - Marketing,5220.019343933414,4850.0,370.01934393341435,0.07629264823369368,U,False,,,
2026-04,Digital,Opex - Marketing,5458.203322091251,5225.0,233.2033220912508,0.04463221475430638,U,False,,,
2026-05,Digital,Opex - Marketing,5138.149323406264,5375.0,-236.85067659373635,-0.0440652421569742,F,False,,,
2026-06,Digital,Opex - Marketing,6022.200599095771,5300.0,722.2005990957714,0.13626426398033423,U,False,,,
2024-01,Digital,Opex - Travel,3101.0847094263336,3640.0,-538.9152905736664,-0.14805365125650177,F,False,,,
2024-02,Digital,Opex - Travel,3368.755478876767,3760.0,-391.24452112323297,-0.10405439391575345,F,False,,,
2024-03,Digital,Opex - Travel,3464.9360644196,3880.0,-415.0639355804001,-0.1069752411289691,F,False,,,
2024-04,Digital,Opex - Travel,4036.7153889386896,4180.0,-143.28461106131044,-0.034278615086437904,F,False,,,
2024-05,Digital,Opex - Travel,4449.973634439907,4300.0,149.97363443990707,0.03487758940462955,U,False,,,
2024-06,Digital,Opex - Travel,4381.221837990141,4240.0,141.22183799014056,0.0333070372618256,U,False,,,
2024-07,Digital,Opex - Travel,3644.786041153175,3820.0,-175.21395884682488,-0.04586752849393321,F,False,,,
2024-08,Digital,Opex - Travel,3419.9039290098863,3519.9999999999995,-100.09607099011328,-0.028436383804009455,F,False,,,
2024-09,Digital,Opex - Travel,4963.483448278757,3940.0,1023.4834482787574,0.2597673726595831,U,False,,,
2024-10,Digital,Opex - Travel,3909.499463788422,4240.0,-330.50053621157804,-0.077948239672542,F,False,,,
2024-11,Digital,Opex - Travel,4557.928992578591,4359.999999999999,197.92899257859153,0.04539655793086963,U,False,,,
2024-12,Digital,Opex - Travel,4681.911238683331,4120.0,561.9112386833312,0.13638622298139108,U,False,,,
2025-01,Digital,Opex - Travel,3798.297874812767,3640.0,158.29787481276708,0.04348842714636458,U,False,,,
2025-02,Digital,Opex - Travel,4057.34310175547,3760.0,297.3431017554699,0.07908061216900795,U,False,,,
2025-03,Digital,Opex - Travel,3535.5740855827507,3880.0,-344.42591441724926,-0.08876956557145599,F,False,,,
2025-04,Digital,Opex - Travel,4287.939648148887,4180.0,107.93964814888659,0.02582288233226952,U,False,,,
2025-05,Digital,Opex - Travel,4574.112488139982,4300.0,274.1124881399819,0.06374709026511208,U,False,,,
2025-06,Digital,Opex - Travel,4345.010342070192,4240.0,105.01034207019165,0.024766590110894257,U,False,,,
2025-07,Digital,Opex - Travel,4073.138400687256,3820.0,253.13840068725585,0.06626659703854865,U,False,,,
2025-08,Digital,Opex - Travel,3254.758291714202,3519.9999999999995,-265.24170828579736,-0.07535275803573789,F,False,,,
2025-09,Digital,Opex - Travel,3638.3791006926926,3940.0,-301.62089930730735,-0.0765535277429714,F,False,,,
2025-10,Digital,Opex - Travel,3625.99404200802,4240.0,-614.0059579919798,-0.14481272594150468,F,False,,,
2025-11,Digital,Opex - Travel,4904.106193485911,4359.999999999999,544.1061934859117,0.12479499850594308,U,False,,,
2025-12,Digital,Opex - Travel,4414.331350843831,4120.0,294.3313508438314,0.07143964826306587,U,False,,,
2026-01,Digital,Opex - Travel,3730.649148519727,3640.0,90.64914851972708,0.02490361223069425,U,False,,,
2026-02,Digital,Opex - Travel,3850.864054652635,3760.0,90.86405465263488,0.024165971982083746,U,False,,,
2026-03,Digital,Opex - Travel,4089.959064992158,3880.0,209.9590649921579,0.05411316108045307,U,False,,,
2026-04,Digital,Opex - Travel,3584.879006003193,4180.0,-595.1209939968071,-0.142373443539906,F,False,,,
2026-05,Digital,Opex - Travel,4924.006905079058,4300.0,624.006905079058,0.1451178849021065,U,False,,,
2026-06,Digital,Opex - Travel,4065.4653513803273,4240.0,-174.53464861967268,-0.041163832221620913,F,False,,,
2024-01,Digital,Payroll,237146.87830944607,240000.0,-2853.121690553933,-0.011888007043974722,F,False,,,
2024-02,Digital,Payroll,242482.12692185183,240591.9047453529,1890.2221764989372,0.007856549365198237,U,False,,,
2024-03,Digital,Payroll,238609.89183219167,241185.2692874873,-2575.3774552956165,-0.010678004767471208,F,False,,,
2024-04,Digital,Payroll,248166.29129619824,241780.0972266559,6386.19406954234,0.026413233110563376,U,False,,,
2024-05,Digital,Payroll,241740.69934301,242376.39217199065,-635.6928289806528,-0.002622750604066935,F,False,,,
2024-06,Digital,Payroll,238864.6821980949,242974.1577415244,-4109.475543429493,-0.01691322065534701,F,False,,,
2024-07,Digital,Payroll,238130.0966665549,243573.39756221327,-5443.30089565838,-0.022347682259792175,F,False,,,
2024-08,Digital,Payroll,242186.1559058283,244174.11526995825,-1987.959364129958,-0.008141564727006691,F,False,,,
2024-09,Digital,Payroll,244807.3475560772,244776.31450962755,31.03304644965101,0.0001267812472453515,U,False,,,
2024-10,Digital,Payroll,244543.70669338643,245379.99893507847,-836.2922416920483,-0.00340815162328414,F,False,,,
2024-11,Digital,Payroll,244576.9133288128,245985.17220917996,-1408.2588803671533,-0.005724974671113929,F,False,,,
2024-12,Digital,Payroll,239218.44204276905,246591.8380038344,-7373.39596106534,-0.029901216604544256,F,False,,,
2025-01,Digital,Payroll,259166.5318205512,247200.0,11966.531820551201,0.04840830024494822,U,False,,,
2025-02,Digital,Payroll,247382.93041939172,247809.66188771348,-426.73146832175553,-0.0017220130364211318,F,False,,,
2025-03,Digital,Payroll,243600.72043929907,248420.8273661119,-4820.106926812819,-0.019402990393028334,F,False,,,
2025-04,Digital,Payroll,249688.3876070213,249033.5001434556,654.887463565683,0.00262971633610914,U,False,,,
2025-05,Digital,Payroll,241829.92141768133,249647.68393715037,-7817.762519469048,-0.03131518144361073,F,False,,,
2025-06,Digital,Payroll,246127.88285473533,250263.38247377012,-4135.499619034788,-0.016524589327278936,F,False,,,
2025-07,Digital,Payroll,254427.2967222276,250880.59948907967,3546.697233147919,0.014136992817981128,U,False,,,
2025-08,Digital,Payroll,249954.71420114444,251499.33872805705,-1544.6245269126084,-0.006141664366691599,F,False,,,
2025-09,Digital,Payroll,252377.4822558584,252119.60394491637,257.87831094203284,0.001022841171043465,U,False,,,
2025-10,Digital,Payroll,253691.5730522924,252741.39890313084,950.1741491615539,0.0037594717497220578,U,False,,,
2025-11,Digital,Payroll,260135.5759145045,253364.72737545535,6770.848539049155,0.02672372200024351,U,False,,,
2025-12,Digital,Payroll,248543.38054578137,253989.59314394937,-5446.212598168,-0.021442660428537097,F,False,,,
2026-01,Digital,Payroll,248391.2788407668,254616.0,-6224.721159233188,-0.024447486250798015,F,False,,,
2026-02,Digital,Payroll,259392.18302192053,255243.95174434484,4148.231277575687,0.01625202575507294,U,False,,,
2026-03,Digital,Payroll,252615.59318304656,255873.45218709527,-3257.859004048718,-0.01273230566204486,F,False,,,
2026-04,Digital,Payroll,257711.49279928,256504.50514775925,1206.987651520758,0.004705522231765378,U,False,,,
2026-05,Digital,Payroll,253979.5899942121,257137.1144552649,-3157.524461052817,-0.012279536027857788,F,False,,,
2026-06,Digital,Payroll,255021.1100189089,257771.2839479833,-2750.173929074401,-0.010669046943294775,F,False,,,
2024-01,Digital,Revenue,1465050.902177487,1458333.3333333333,6717.568844153779,0.004606332921705448,F,False,,,
2024-02,Digital,Revenue,1815989.831621855,1672122.8996369983,143866.93198485672,0.08603849155829923,F,False,,,
2024-03,Digital,Revenue,1974895.2079486868,1887296.6192560487,87598.58869263809,0.04641484957842423,F,False,,,
2024-04,Digital,Revenue,2459199.360377674,2419440.4531902373,39758.90718743671,0.016433100114123998,F,False,,,
2024-05,Digital,Revenue,2785474.986074744,2638435.947448378,147039.03862636583,0.055729622228868875,F,False,,,
2024-06,Digital,Revenue,2561544.301343663,2541190.5601654304,20353.74117823271,0.008009529665853823,F,False,,,
2024-07,Digital,Revenue,1662372.5294688628,1805902.7443974449,-143530.21492858208,-0.07947837466544866,U,False,,,
2024-08,Digital,Revenue,1217405.826264792,1278928.0941561605,-61522.267891368596,-0.04810455581708143,U,False,,,
2024-09,Digital,Revenue,2139664.675407126,2031598.7055662372,108065.96984088887,0.05319257663671786,F,False,,,
2024-10,Digital,Revenue,2649395.45189635,2574631.11293067,74764.33896567998,0.029038854766489902,F,False,,,
2024-11,Digital,Revenue,2950163.4998987475,2798314.7673320216,151848.73256672593,0.054264350222295414,F,False,,,
2024-12,Digital,Revenue,2335693.668683662,2375556.379907574,-39862.71122391196,-0.0167803684059323,U,False,,,
2025-01,Digital,Revenue,1291856.5631303417,1516666.6666666667,-224810.10353632504,-0.14822644189208245,U,False,single,,"Two platform go-lives slipped from January into February on client-side content delays. Revenue is recognized on delivery, so January carries the gap; both projects were invoiced in February. (FP&A Analyst, 2025-02-10)"
2025-02,Digital,Revenue,1713155.433047561,1739007.8156224785,-25852.382574917516,-0.014866168134881928,U,False,,,
2025-03,Digital,Revenue,2050899.57124677,1962788.4840262907,88111.08722047927,0.04489077042052742,F,False,,,
2025-04,Digital,Revenue,2460542.2535445164,2516218.071317848,-55675.81777333142,-0.022126785594609327,U,False,,,
2025-05,Digital,Revenue,2682430.972923876,2743973.385346313,-61542.41242243722,-0.022428210401417594,U,False,,,
2025-06,Digital,Revenue,2538899.8793945643,2642838.182572048,-103938.30317748385,-0.03932828875520846,U,False,,,
2025-07,Digital,Revenue,1897238.422032856,1878138.8541733425,19099.567859513452,0.010169412030997076,F,False,,,
2025-08,Digital,Revenue,1465426.2637899632,1330085.217922407,135341.04586755624,0.10175366513655339,F,False,single,,"One retainer client commissioned an out-of-cycle campaign microsite in an otherwise quiet August. (FP&A Analyst, 2025-09-09)"
2025-09,Digital,Revenue,1915910.1387348445,2112862.6537888874,-196952.51505404292,-0.09321595736516908,U,False,single,N08,
2025-10,Digital,Revenue,2590203.409998094,2677616.3574478966,-87412.94744980242,-0.03264580723323557,U,False,,,
2025-11,Digital,Revenue,2937871.919647489,2910247.358025302,27624.56162218703,0.009492169641872366,F,False,,,
2025-12,Digital,Revenue,2327736.2438936825,2470578.635103877,-142842.39121019468,-0.057817383013266756,U,False,,,
2026-01,Digital,Revenue,1595902.3613140434,1577333.3333333335,18569.027980709914,0.011772418415496564,F,False,,,
2026-02,Digital,Revenue,1770262.0578793725,1808568.1282473768,-38306.070368004264,-0.02118033032304147,U,False,,,
2026-03,Digital,Revenue,2171376.4800747465,2041300.0233873425,130076.45668740408,0.06372236084706187,F,False,,,
2026-04,Digital,Revenue,2687265.017168981,2616866.794170561,70398.22299842024,0.02690172199641273,F,False,,,
2026-05,Digital,Revenue,2955584.900494629,2853732.320760166,101852.57973446324,0.035691006824120124,F,False,,,
2026-06,Digital,Revenue,2663392.5167349083,2748551.7098749303,-85159.19314002199,-0.030983296706430553,U,False,,,
2024-01,Marketing,COGS,404376.4712391113,408333.3333333333,-3956.862094221986,-0.009690274516462007,F,False,,,
2024-02,Marketing,COGS,496415.4888232472,468194.41189835954,28221.07692488766,0.060276406996105245,U,False,,,
2024-03,Marketing,COGS,535680.0424053717,528443.0533916936,7236.989013678045,0.013694926950461452,U,False,,,
2024-04,Marketing,COGS,665734.3891601856,677443.3268932665,-11708.937733080937,-0.01728401073308634,F,False,,,
2024-05,Marketing,COGS,684704.3852367098,738762.0652855459,-54057.680048836046,-0.0731733295319403,F,False,,,
2024-06,Marketing,COGS,636524.5782646993,711533.3568463206,-75008.77858162124,-0.10541849916085086,F,False,single,,"The June campaign reused spring creative assets instead of commissioning a new shoot. (FP&A Analyst, 2024-07-09)"
2024-07,Marketing,COGS,527673.2608664368,505652.7684312845,22020.492435152235,0.04354864406946227,U,False,,,
2024-08,Marketing,COGS,330305.2963542996,358099.86636372487,-27794.570009425282,-0.07761681201297661,F,False,,,
2024-09,Marketing,COGS,581334.4514396026,568847.6375585465,12486.81388105615,0.02195106924351249,U,False,,,
2024-10,Marketing,COGS,846461.9275839819,720896.7116205875,125565.21596339438,0.17417920478666318,U,False,single,,"Production costs of the pulled-forward October activation; see the matching revenue variance. (FP&A Analyst, 2024-11-08)"
2024-11,Marketing,COGS,746348.4929787406,783528.1348529661,-37179.64187422546,-0.04745157221597723,F,False,,,
2024-12,Marketing,COGS,659106.7491786317,665155.7863741207,-6049.037195489043,-0.009094166087712161,F,False,,,
2025-01,Marketing,COGS,422600.3956243292,424666.6666666667,-2066.2710423374665,-0.004865630397968916,F,False,,,
2025-02,Marketing,COGS,465112.9754020742,486922.1883742939,-21809.212972219684,-0.04478993459927336,F,False,,,
2025-03,Marketing,COGS,604782.8159384332,549580.7755273613,55202.04041107185,0.10044390719107964,U,False,single,,"Print and media rates increased at the main supplier from March; a rate-card renegotiation is underway. (FP&A Analyst, 2025-04-10)"
2025-04,Marketing,COGS,695941.3006375313,704541.0599689973,-8599.759331465932,-0.012206186154493759,F,False,,,
2025-05,Marketing,COGS,837734.0,768312.5478969677,69421.45210303226,0.09035574427757728,U,False,,,
2025-06,Marketing,COGS,764391.329484339,739994.6911201735,24396.63836416544,0.03296866674439895,U,False,,,
2025-07,Marketing,COGS,514574.881666221,525878.8791685359,-11303.997502314916,-0.021495439254353783,F,False,,,
2025-08,Marketing,COGS,404705.84750183264,372423.8610182739,32281.98648355872,0.08668076850740432,U,False,,,
2025-09,Marketing,COGS,622900.1515194952,591601.5430608884,31298.60845860676,0.05290487968755258,U,False,,,
2025-10,Marketing,COGS,733625.7393848208,749732.5800854111,-16106.840700590285,-0.021483447736465395,F,False,,,
2025-11,Marketing,COGS,857761.8429432188,814869.2602470848,42892.58269613399,0.05263737974743101,U,False,,,
2025-12,Marketing,COGS,763011.4855117673,691762.0178290856,71249.46768268174,0.1029970796984194,U,False,single,,
2026-01,Marketing,COGS,468345.1861480908,441653.33333333343,26691.85281475738,0.060436208220830914,U,False,,,
2026-02,Marketing,COGS,494843.2449597275,506399.07590926567,-11555.830949538155,-0.022819613027115153,F,False,,,
2026-03,Marketing,COGS,568336.4845083881,571564.0065484559,-3227.5220400678227,-0.005646825207832958,F,False,,,
2026-04,Marketing,COGS,701827.4606318093,732722.7023677571,-30895.241735947784,-0.04216498497468598,F,False,,,
2026-05,Marketing,COGS,820706.0795118922,799045.0498128466,21661.029699045583,0.027108646382477508,U,False,,,
2026-06,Marketing,COGS,789334.0605760992,769594.4787649803,19739.58181111887,0.025649328777405337,U,False,,,
2024-01,Marketing,Opex - Facilities,4064.573852440472,4000.0,64.57385244047191,0.016143463110117977,U,False,,,
2024-02,Marketing,Opex - Facilities,3874.710773121161,4005.0,-130.28922687883914,-0.03253164216700104,F,False,,,
2024-03,Marketing,Opex - Facilities,3833.947927179008,4010.0,-176.05207282099218,-0.04390326005511027,F,False,,,
2024-04,Marketing,Opex - Facilities,3995.406889870366,4015.0,-19.59311012963417,-0.00487997761634724,F,False,,,
2024-05,Marketing,Opex - Facilities,4276.787201710612,4020.0,256.78720171061195,0.06387741336084875,U,False,,,
2024-06,Marketing,Opex - Facilities,4066.2428327760663,4025.000000000001,41.24283277606537,0.010246666528214996,U,False,,,
2024-07,Marketing,Opex - Facilities,4013.820803590011,4030.000000000001,-16.1791964099898,-0.004014688935481339,F,False,,,
2024-08,Marketing,Opex - Facilities,4157.58924974709,4035.0,122.58924974709043,0.0303814745345949,U,False,,,
2024-09,Marketing,Opex - Facilities,4028.208864272285,4040.0,-11.791135727714845,-0.002918597952404665,F,False,,,
2024-10,Marketing,Opex - Facilities,4076.884618471605,4045.0,31.88461847160488,0.007882476754414062,U,False,,,
2024-11,Marketing,Opex - Facilities,4082.041640329317,4050.0,32.04164032931703,0.007911516130695564,U,False,,,
2024-12,Marketing,Opex - Facilities,3742.766000660707,4055.0,-312.23399933929295,-0.07699975322793907,F,False,,,
2025-01,Marketing,Opex - Facilities,4270.391256085197,4060.0,210.3912560851968,0.05182050642492532,U,False,,,
2025-02,Marketing,Opex - Facilities,4223.540438323539,4065.000000000001,158.54043832353818,0.03900133784096879,U,False,,,
2025-03,Marketing,Opex - Facilities,4171.097356386921,4070.000000000001,101.09735638692018,0.024839645303911587,U,False,,,
2025-04,Marketing,Opex - Facilities,4051.692908219994,4075.0,-23.307091780005976,-0.005719531725154841,F,False,,,
2025-05,Marketing,Opex - Facilities,3936.5463196263945,4080.0,-143.4536803736055,-0.035160215777844485,F,False,,,
2025-06,Marketing,Opex - Facilities,4017.692419531016,4085.0,-67.30758046898382,-0.016476763884696162,F,False,,,
2025-07,Marketing,Opex - Facilities,4098.838519435637,4090.0,8.838519435636954,0.0021610071969772504,U,False,,,
2025-08,Marketing,Opex - Facilities,4276.320340553373,4095.0,181.32034055337317,0.04427847144160517,U,False,,,
2025-09,Marketing,Opex - Facilities,4128.83130980194,4100.0,28.831309801939824,0.0070320267809609325,U,False,,,
2025-10,Marketing,Opex - Facilities,3974.641281504359,4105.0,-130.35871849564091,-0.031756082459352235,F,False,,,
2025-11,Marketing,Opex - Facilities,4111.408832650629,4110.0,1.4088326506289377,0.0003427816668196929,U,False,,,
2025-12,Marketing,Opex - Facilities,3867.6651730443887,4115.0,-247.33482695561133,-0.06010566876199546,F,False,,,
2026-01,Marketing,Opex - Facilities,3922.0820469721098,4120.0,-197.91795302789023,-0.048038338113565594,F,False,,,
2026-02,Marketing,Opex - Facilities,4131.72625619206,4125.0,6.726256192059736,0.0016306075617114513,U,False,,,
2026-03,Marketing,Opex - Facilities,4195.675017024021,4130.0,65.67501702402114,0.01590194116804386,U,False,,,
2026-04,Marketing,Opex - Facilities,4102.022697862897,4135.0,-32.977302137102924,-0.007975163757461408,F,False,,,
2026-05,Marketing,Opex - Facilities,4055.759556532727,4140.0,-84.24044346727305,-0.020347933204655326,F,False,,,
2026-06,Marketing,Opex - Facilities,4313.318405367954,4145.0,168.31840536795426,0.04060757668708185,U,False,,,
2024-01,Marketing,Opex - IT,2700.551565060921,2500.0,200.5515650609209,0.08022062602436836,U,False,,,
2024-02,Marketing,Opex - IT,2539.5401961435605,2504.166666666667,35.37352947689351,0.014125868676296907,U,False,,,
2024-03,Marketing,Opex - IT,2450.665072115799,2508.333333333333,-57.66826121753411,-0.022990668923933866,F,False,,,
2024-04,Marketing,Opex - IT,2080.8949050225297,2512.4999999999995,-431.6050949774699,-0.17178312237909252,F,False,,,
2024-05,Marketing,Opex - IT,2221.3015572612803,2516.6666666666665,-295.3651094053862,-0.1173636196312793,F,False,,,
2024-06,Marketing,Opex - IT,2446.569793714414,2520.833333333333,-74.26353961891891,-0.029459916543042218,F,False,,,
2024-07,Marketing,Opex - IT,2449.01647361152,2525.0,-75.98352638848019,-0.030092485698407993,F,False,,,
2024-08,Marketing,Opex - IT,2624.5746277283,2529.166666666667,95.40796106163316,0.03772308180361113,U,False,,,
2024-09,Marketing,Opex - IT,2597.4761703657905,2533.333333333333,64.14283703245746,0.025319540933864793,U,False,,,
2024-10,Marketing,Opex - IT,2779.302019477039,2537.4999999999995,241.80201947703927,0.09529143624710909,U,False,,,
2024-11,Marketing,Opex - IT,2445.78995581851,2541.6666666666665,-95.87671084815656,-0.03772198459599603,F,False,,,
2024-12,Marketing,Opex - IT,2845.5271984996066,2545.833333333333,299.69386516627355,0.1177193578394528,U,False,,,
2025-01,Marketing,Opex - IT,2616.9110786776787,2550.0,66.91107867767869,0.0262396386971289,U,False,,,
2025-02,Marketing,Opex - IT,2485.826122115283,2554.166666666667,-68.34054455138403,-0.02675649378847009,F,False,,,
2025-03,Marketing,Opex - IT,2648.180599821772,2558.333333333333,89.84726648843889,0.035119452699064066,U,False,,,
2025-04,Marketing,Opex - IT,2722.8818201956205,2562.5,160.38182019562055,0.0625880273934129,U,False,,,
2025-05,Marketing,Opex - IT,2552.918948498236,2566.6666666666665,-13.74771816843031,-0.005356253831855965,F,False,,,
2025-06,Marketing,Opex - IT,2577.5755171015508,2570.833333333333,6.742183768217728,0.0026225674301008995,U,False,,,
2025-07,Marketing,Opex - IT,2637.699546180233,2575.0,62.69954618023303,0.024349338322420592,U,False,,,
2025-08,Marketing,Opex - IT,2252.831022246004,2579.166666666667,-326.3356444206629,-0.12652755195631515,F,False,,,
2025-09,Marketing,Opex - IT,2631.4614574950147,2583.333333333333,48.128124161681626,0.018630241610973534,U,False,,,
2025-10,Marketing,Opex - IT,2794.463619110431,2587.5,206.96361911043095,0.07998593975282356,U,False,,,
2025-11,Marketing,Opex - IT,2766.7358628272896,2591.6666666666665,175.06919616062305,0.06755081523882561,U,False,,,
2025-12,Marketing,Opex - IT,2553.228089278818,2595.833333333333,-42.60524405451497,-0.016412935109283457,F,False,,,
2026-01,Marketing,Opex - IT,2339.657379465923,2600.0,-260.342620534077,-0.10013177712849115,F,False,,,
2026-02,Marketing,Opex - IT,2122.8951173681994,2604.166666666667,-481.27154929846756,-0.18480827493061153,F,False,,,
2026-03,Marketing,Opex - IT,2656.162106732011,2608.333333333333,47.828773398678095,0.018336909929205662,U,False,,,
2026-04,Marketing,Opex - IT,2721.423956448012,2612.5,108.92395644801218,0.041693380458569254,U,False,,,
2026-05,Marketing,Opex - IT,2128.1630255784216,2616.6666666666665,-488.5036410882449,-0.1866892895878643,F,False,,,
2026-06,Marketing,Opex - IT,2606.3374130190864,2620.833333333333,-14.495920314246632,-0.005531034778090926,F,False,,,
2024-01,Marketing,Opex - Marketing,39608.17867858777,40950.0,-1341.8213214122297,-0.03276730943619609,F,False,,,
2024-02,Marketing,Opex - Marketing,43325.76142707726,42300.0,1025.761427077261,0.02424967912712201,U,False,,,
2024-03,Marketing,Opex - Marketing,39925.59277481075,43650.0,-3724.4072251892503,-0.08532433505588202,F,False,,,
2024-04,Marketing,Opex - Marketing,43948.87636558119,47025.0,-3076.1236344188073,-0.06541464400677953,F,False,,,
2024-05,Marketing,Opex - Marketing,39871.98890681229,48375.0,-8503.011093187713,-0.17577283913566333,F,False,,,
2024-06,Marketing,Opex - Marketing,42111.62718050312,47700.0,-5588.372819496879,-0.11715666288253415,F,False,,,
2024-07,Marketing,Opex - Marketing,44843.407205020296,42975.0,1868.4072050202958,0.043476607446661916,U,False,,,
2024-08,Marketing,Opex - Marketing,37400.904213476686,39599.99999999999,-2199.0957865233067,-0.0555327218819017,F,False,,,
2024-09,Marketing,Opex - Marketing,41126.69401632132,44324.99999999999,-3198.3059836786706,-0.07215580335428474,F,False,,,
2024-10,Marketing,Opex - Marketing,42393.7972786391,47700.0,-5306.2027213609035,-0.1112411471983418,F,False,,,
2024-11,Marketing,Opex - Marketing,43603.33749294698,49049.99999999999,-5446.6625070530135,-0.11104306844144779,F,False,,,
2024-12,Marketing,Opex - Marketing,47057.127243594936,46350.0,707.1272435949359,0.015256251210246728,U,False,,,
2025-01,Marketing,Opex - Marketing,33756.224300750204,40950.0,-7193.775699249796,-0.17567217824785827,F,False,,,
2025-02,Marketing,Opex - Marketing,37846.23929972229,42300.0,-4453.760700277708,-0.10528985107039499,F,False,,,
2025-03,Marketing,Opex - Marketing,51262.27420672241,43650.0,7612.27420672241,0.17439345261677916,U,False,,,
2025-04,Marketing,Opex - Marketing,41484.027212302346,47025.0,-5540.972787697654,-0.11783036231148653,F,False,episode,"N12, N16",
2025-05,Marketing,Opex - Marketing,40770.255263277446,48375.0,-7604.744736722554,-0.15720402556532412,F,False,episode,"N12, N16",
2025-06,Marketing,Opex - Marketing,42864.5681620793,47700.0,-4835.431837920703,-0.10137173664403991,F,False,episode,"N12, N16",
2025-07,Marketing,Opex - Marketing,25839.98300270374,42975.0,-17135.01699729626,-0.39872058167065183,F,False,episode,"N12, N16",
2025-08,Marketing,Opex - Marketing,32713.191449844104,39599.99999999999,-6886.808550155889,-0.17390930682211844,F,False,episode,"N12, N16",
2025-09,Marketing,Opex - Marketing,38267.580134098695,44324.99999999999,-6057.419865901298,-0.13665921863285502,F,False,episode,"N12, N16",
2025-10,Marketing,Opex - Marketing,38632.45521171362,47700.0,-9067.544788286381,-0.19009527858042727,F,False,episode,"N12, N16",
2025-11,Marketing,Opex - Marketing,39033.00325932696,49049.99999999999,-10016.996740673036,-0.20422011703716691,F,False,episode,"N12, N16",
2025-12,Marketing,Opex - Marketing,44568.16425368121,46350.0,-1781.835746318793,-0.038443058173005244,F,False,episode,"N12, N16",
2026-01,Marketing,Opex - Marketing,34388.7471793637,40950.0,-6561.252820636299,-0.16022595410589252,F,False,episode,"N12, N16",
2026-02,Marketing,Opex - Marketing,36324.00031113529,42300.0,-5975.999688864707,-0.1412765883892366,F,False,episode,"N12, N16",
2026-03,Marketing,Opex - Marketing,46967.9809176656,43650.0,3317.980917665598,0.0760133085375853,U,False,,,
2026-04,Marketing,Opex - Marketing,45173.43213761395,47025.0,-1851.5678623860513,-0.03937411722245723,F,False,,,
2026-05,Marketing,Opex - Marketing,41204.92813987035,48375.0,-7170.071860129647,-0.1482185397442821,F,False,,,
2026-06,Marketing,Opex - Marketing,54033.06285091689,47700.0,6333.062850916889,0.13276861322676917,U,False,,,
2024-01,Marketing,Opex - Travel,5195.643489399865,5459.999999999999,-264.35651060013424,-0.04841694333335793,F,False,,,
2024-02,Marketing,Opex - Travel,5513.743627279398,5640.0,-126.25637272060158,-0.022385881688049926,F,False,,,
2024-03,Marketing,Opex - Travel,6912.323563765932,5820.0,1092.3235637659318,0.18768446112816697,U,False,,,
2024-04,Marketing,Opex - Travel,5812.864433734758,6270.0,-457.13556626524223,-0.0729083837743608,F,False,,,
2024-05,Marketing,Opex - Travel,6389.200652507101,6450.0,-60.79934749289896,-0.009426255425255653,F,False,,,
2024-06,Marketing,Opex - Travel,8207.622719636898,6360.0,1847.6227196368982,0.2905067169240406,U,False,,,
2024-07,Marketing,Opex - Travel,6175.41443108338,5730.0,445.4144310833799,0.0777337576061745,U,False,,,
2024-08,Marketing,Opex - Travel,5402.585701722663,5279.999999999999,122.58570172266354,0.023216988962625675,U,False,,,
2024-09,Marketing,Opex - Travel,5910.049876317025,5909.999999999999,0.0498763170262464,8.439309141496854e-06,U,False,,,
2024-10,Marketing,Opex - Travel,5874.695614634128,6360.0,-485.3043853658719,-0.07630572096947671,F,False,,,
2024-11,Marketing,Opex - Travel,6837.1909011921925,6539.999999999999,297.19090119219345,0.045442033821436315,U,False,,,
2024-12,Marketing,Opex - Travel,6024.277980268144,6180.0,-155.72201973185565,-0.025197737820688616,F,False,,,
2025-01,Marketing,Opex - Travel,5814.845524610337,5459.999999999999,354.84552461033763,0.06499002282240617,U,False,,,
2025-02,Marketing,Opex - Travel,5605.41306895253,5640.0,-34.58693104746999,-0.00613243458288475,F,False,,,
2025-03,Marketing,Opex - Travel,6075.548447137014,5820.0,255.54844713701368,0.04390866789295768,U,False,,,
2025-04,Marketing,Opex - Travel,6890.469126990973,6270.0,620.4691269909727,0.09895839345948527,U,False,,,
2025-05,Marketing,Opex - Travel,6921.349675784426,6450.0,471.3496757844259,0.07307746911386448,U,False,,,
2025-06,Marketing,Opex - Travel,5915.480247423917,6360.0,-444.5197525760832,-0.06989304285787472,F,False,,,
2025-07,Marketing,Opex - Travel,6078.820323584604,5730.0,348.820323584604,0.06087614722244398,U,False,,,
2025-08,Marketing,Opex - Travel,4967.897391499096,5279.999999999999,-312.10260850090344,-0.05911034251911051,F,False,,,
2025-09,Marketing,Opex - Travel,6390.93434077003,5909.999999999999,480.93434077003076,0.08137636899662112,U,False,,,
2025-10,Marketing,Opex - Travel,6262.9956693603,6360.0,-97.00433063970013,-0.01525225324523587,F,False,,,
2025-11,Marketing,Opex - Travel,6002.24848869213,6539.999999999999,-537.7515113078689,-0.08222500172903195,F,False,,,
2025-12,Marketing,Opex - Travel,6522.44399781829,6180.0,342.44399781829,0.05541165013240938,U,False,,,
2026-01,Marketing,Opex - Travel,6175.014673933847,5459.999999999999,715.0146739338479,0.13095506848605276,U,False,,,
2026-02,Marketing,Opex - Travel,5795.818637141304,5640.0,155.81863714130395,0.02762741793285531,U,False,,,
2026-03,Marketing,Opex - Travel,5900.456513458153,5820.0,80.45651345815259,0.013824143205868143,U,False,,,
2026-04,Marketing,Opex - Travel,6784.4713540867215,6270.0,514.4713540867215,0.08205284754174186,U,False,,,
2026-05,Marketing,Opex - Travel,5613.775348391779,6450.0,-836.2246516082214,-0.1296472328074762,F,False,,,
2026-06,Marketing,Opex - Travel,7052.742327908064,6360.0,692.742327908064,0.10892174967107925,U,False,,,
2024-01,Marketing,Payroll,103396.63841802844,103333.33333333331,63.30508469512279,0.0006126298518882851,U,False,,,
2024-02,Marketing,Payroll,102146.35262241733,103588.18120980472,-1441.8285873873974,-0.013918852233414124,F,False,,,
2024-03,Marketing,Payroll,109072.13184979957,103843.65760989036,5228.4742399092065,0.050349480750678334,U,False,,,
2024-04,Marketing,Payroll,106610.34563277784,104099.76408369906,2510.581549078779,0.024117072417764587,U,False,,,
2024-05,Marketing,Payroll,102526.37971090405,104356.50218516262,-1830.1224742585764,-0.01753721556335167,F,False,,,
2024-06,Marketing,Payroll,108457.20626066312,104613.87347204522,3843.332788617903,0.036738270566426486,U,False,,,
2024-07,Marketing,Payroll,104357.42453185053,104871.87950595294,-514.4549741024093,-0.004905556918842166,F,False,,,
2024-08,Marketing,Payroll,104570.41273555158,105130.52185234312,-560.1091167915438,-0.005327749800179082,F,False,,,
2024-09,Marketing,Payroll,105501.84271174914,105389.80208053406,112.04063121507352,0.0010631069515573926,U,False,,,
2024-10,Marketing,Payroll,106465.013382136,105649.72176371436,815.2916184216447,0.007716931051129927,U,False,,,
2024-11,Marketing,Payroll,107874.78791022603,105910.28247895247,1964.5054312735592,0.01854876963116367,U,False,,,
2024-12,Marketing,Payroll,105951.7357435229,106171.48580720644,-219.75006368353206,-0.002069765361319041,F,False,,,
2025-01,Marketing,Payroll,107063.40587271396,106433.33333333331,630.0725393806497,0.005919879793742404,U,False,,,
2025-02,Marketing,Payroll,105994.78124099504,106695.82664609884,-701.0454051037959,-0.006570504462457609,F,False,,,
2025-03,Marketing,Payroll,109477.66253372224,106958.96733818708,2518.695195535154,0.023548237779553765,U,False,,,
2025-04,Marketing,Payroll,105727.1629034887,107222.75700621004,-1495.5941027213412,-0.013948476466005444,F,False,,,
2025-05,Marketing,Payroll,111401.12030413236,107487.19725071752,3913.9230534148373,0.03641292315293587,U,False,,,
2025-06,Marketing,Payroll,109126.20423361108,107752.2896762066,1373.9145574044815,0.012750676217953848,U,False,,,
2025-07,Marketing,Payroll,110513.92663076412,108018.03589113153,2495.890739632596,0.023106240722134005,U,False,,,
2025-08,Marketing,Payroll,103816.10558294148,108284.43750791343,-4468.33192497195,-0.04126476553609473,F,False,,,
2025-09,Marketing,Payroll,107311.96036951958,108551.49614295008,-1239.5357734304998,-0.011418873230435911,F,False,,,
2025-10,Marketing,Payroll,108498.1343178228,108819.21341662576,-321.0790988029621,-0.0029505736048070588,F,False,,,
2025-11,Marketing,Payroll,107465.26598247288,109087.59095332108,-1622.3249708482035,-0.014871764576251403,F,False,,,
2025-12,Marketing,Payroll,111197.80249947388,109356.63038142264,1841.1721180512395,0.01683640133780142,U,False,,,
2026-01,Marketing,Payroll,109862.86408436728,109626.33333333331,236.5307510339626,0.002157608886860784,U,False,,,
2026-02,Marketing,Payroll,111048.83174274072,109896.7014454818,1152.1302972589183,0.010483756856255362,U,False,,,
2026-03,Marketing,Payroll,111714.3891989191,110167.73635833268,1546.6528405864228,0.01403907252442552,U,False,,,
2026-04,Marketing,Payroll,110874.07655368382,110439.43971639631,434.6368372875004,0.003935521933139365,U,False,,,
2026-05,Marketing,Payroll,106298.70661957568,110711.81316823904,-4413.10654866336,-0.039861207421082956,F,False,,,
2026-06,Marketing,Payroll,111423.89245110506,110984.8583664928,439.03408461225627,0.003955801638836925,U,False,,,
2024-01,Marketing,Revenue,1220094.3149707676,1166666.6666666667,53427.64830410085,0.045795127117800725,F,False,,,
2024-02,Marketing,Revenue,1427150.0797650465,1337698.3197095988,89451.7600554477,0.06686990537213712,F,False,,,
2024-03,Marketing,Revenue,1516668.5377625795,1509837.295404839,6831.2423577404115,0.004524489081393848,F,False,,,
2024-04,Marketing,Revenue,1878385.144729532,1935552.3625521904,-57167.217822658364,-0.0295353506981741,U,False,,,
2024-05,Marketing,Revenue,1998624.2629452029,2110748.7579587027,-112124.49501349987,-0.05312072059297813,U,False,,,
2024-06,Marketing,Revenue,1902089.0037132488,2032952.4481323443,-130863.44441909553,-0.06437112906370172,U,False,,,
2024-07,Marketing,Revenue,1569596.588328574,1444722.1955179558,124874.39281061827,0.0864348822202796,F,False,,,
2024-08,Marketing,Revenue,952806.7602904516,1023142.4753249284,-70335.71503447683,-0.06874479041849933,U,False,,,
2024-09,Marketing,Revenue,1637909.7652889218,1625278.96445299,12630.800835931674,0.007771466383423441,F,False,,,
2024-10,Marketing,Revenue,2275270.340455464,2059704.890344536,215565.45011092816,0.1046584154465301,F,False,single,,"A brand activation sold for early 2025 was pulled into October at the client's request. The matching cost variance appears on the COGS line the same month. (FP&A Analyst, 2024-11-08)"
2024-11,Marketing,Revenue,2292395.5089115296,2238651.8138656174,53743.69504591217,0.024007170169580608,F,False,,,
2024-12,Marketing,Revenue,1905430.6174287992,1900445.1039260596,4985.513502739603,0.002623339917811998,F,False,,,
2025-01,Marketing,Revenue,1198964.4172864126,1213333.3333333335,-14368.916046920931,-0.011842513225484283,U,False,,,
2025-02,Marketing,Revenue,1284510.3736487492,1391206.2524979827,-106695.8788492335,-0.07669307024580686,U,False,,,
2025-03,Marketing,Revenue,1615975.9471862733,1570230.7872210324,45745.15996524086,0.029132762099385315,F,False,,,
2025-04,Marketing,Revenue,1983124.9693457976,2012974.4570542776,-29849.487708480097,-0.014828547676735492,U,False,,,
2025-05,Marketing,Revenue,2323733.542362593,2195178.708277051,128554.83408554224,0.05856235467336607,F,False,,,
2025-06,Marketing,Revenue,2059481.3557911185,2114270.5460576387,-54789.19026652025,-0.025913992118313606,U,False,,,
2025-07,Marketing,Revenue,1452091.2980755065,1502511.0833386742,-50419.785263167694,-0.033557013869829004,U,False,,,
2025-08,Marketing,Revenue,1086088.5483545617,1064068.1743379256,22020.37401663605,0.020694514268634487,F,False,,,
2025-09,Marketing,Revenue,1721421.6002411656,1690290.1230311098,31131.477210055804,0.018417830635032842,F,False,,,
2025-10,Marketing,Revenue,2171048.105143365,2142093.0859583174,28955.019185047597,0.013517161964086106,F,False,,,
2025-11,Marketing,Revenue,2313645.598411568,2328197.8864202425,-14552.288008674514,-0.006250451515979002,U,False,,,
2025-12,Marketing,Revenue,2107794.973748248,1976462.9080831015,131332.06566514657,0.06644802952184957,F,False,,,
2026-01,Marketing,Revenue,1363084.4218493216,1261866.666666667,101217.7551826546,0.08021271807585685,F,False,,,
2026-02,Marketing,Revenue,1389404.519252918,1446854.502597902,-57449.98334498401,-0.039706814501271274,U,False,,,
2026-03,Marketing,Revenue,1594518.561569893,1633040.018709874,-38521.45713998098,-0.02358880168191684,U,False,,,
2026-04,Marketing,Revenue,2019731.992842688,2093493.435336449,-73761.44249376096,-0.03523366314349423,U,False,,,
2026-05,Marketing,Revenue,2269568.5013298737,2282985.8566081333,-13417.355278259609,-0.0058771083664066045,U,False,,,
2026-06,Marketing,Revenue,2281235.6809613407,2198841.367899944,82394.31306139659,0.037471694986386965,F,False,,,
2024-01,Production,COGS,1404772.630653333,1443750.0000000002,-38977.369346667314,-0.026997312101587744,F,False,,,
2024-02,Production,COGS,1628131.329385966,1655401.6706406283,-27270.341254662257,-0.01647354943414358,F,False,,,
2024-03,Production,COGS,1846376.8408087,1868423.6530634884,-22046.812254788354,-0.011799685910976429,F,False,,,
2024-04,Production,COGS,2426839.9363683136,2395246.048658336,31593.88770997757,0.013190247293247578,U,False,,,
2024-05,Production,COGS,2711897.51709509,2612051.587973895,99845.92912119487,0.038225098455518226,U,False,,,
2024-06,Production,COGS,2645676.933820437,2515778.654563776,129898.27925666096,0.05163342928481309,U,False,,,
2024-07,Production,COGS,1744402.612243654,1787843.7169534704,-43441.1047098164,-0.024298043670081582,F,False,,,
2024-08,Production,COGS,1285109.125753682,1266138.813214599,18970.312539083185,0.014982806261913314,U,False,,,
2024-09,Production,COGS,2102228.693017185,2011282.7185105756,90945.97450660961,0.045217896852391914,U,False,,,
2024-10,Production,COGS,2698234.294414581,2548884.801801363,149349.4926132178,0.058594053567139884,U,False,,,
2024-11,Production,COGS,2476054.897732795,2770331.6196587016,-294276.7219259064,-0.10622436672839931,F,False,single,,"November events were delivered with in-house crew and staging stock instead of the subcontracting assumed in budget; Q4 freight was also renegotiated. Genuine savings, not a timing shift. (FP&A Analyst, 2024-12-10)"
2024-12,Production,COGS,2429760.572294583,2351800.8161084987,77959.75618608436,0.033148962128129365,U,False,,,
2025-01,Production,COGS,1439221.1357838856,1501500.0000000002,-62278.86421611463,-0.04147776504569738,F,False,,,
2025-02,Production,COGS,1684133.2484715928,1721617.7374662536,-37484.48899466079,-0.021772829228529914,F,False,,,
2025-03,Production,COGS,1910215.428045612,1943160.599186028,-32945.17114041583,-0.01695442525657234,F,False,,,
2025-04,Production,COGS,3201900.444496153,2491055.890604669,710844.5538914837,0.2853587334481428,U,False,episode,"N11, N13",
2025-05,Production,COGS,3352548.957114039,2716533.6514928504,636015.3056211886,0.23412752692081368,U,False,episode,"N11, N13",
2025-06,Production,COGS,3347005.807322498,2616409.800746328,730596.0065761697,0.27923607623231195,U,False,episode,"N11, N13",
2025-07,Production,COGS,1900515.4244600525,1859357.465631609,41157.95882844343,0.02213558155933313,U,False,,,
2025-08,Production,COGS,1225544.780567173,1316784.365743183,-91239.58517601015,-0.06928969355169647,F,False,,,
2025-09,Production,COGS,2050566.1894210249,2091734.027250999,-41167.837829974014,-0.019681201000529527,F,False,,,
2025-10,Production,COGS,2744413.538715538,2650840.193873418,93573.34484212007,0.03529950430749669,U,False,,,
2025-11,Production,COGS,3076595.707154539,2881144.88444505,195450.82270948915,0.06783790144143889,U,False,,,
2025-12,Production,COGS,2557869.9599040025,2445872.8487528386,111997.11115116393,0.045790242615543875,U,False,,,
2026-01,Production,COGS,1546803.841999193,1561560.0000000005,-14756.15800080751,-0.009449626015527745,F,False,,,
2026-02,Production,COGS,1920002.5636789517,1790482.4469649035,129520.1167140482,0.07233811028619763,U,False,,,
2026-03,Production,COGS,2066955.120382124,2020887.0231534687,46068.09722865536,0.022795978548453912,U,False,,,
2026-04,Production,COGS,2997915.252663877,2590698.126228856,407217.12643502094,0.15718432121143563,U,False,single,,"An unplanned client project was won in late March and delivered inside April; external production was booked at short-notice premium rates. Together with the matching revenue line the net margin impact is slightly negative. Change-order discipline flagged to the project director. (FP&A Analyst, 2026-05-12)"
2026-05,Production,COGS,2870043.3146152347,2825194.997552565,44848.3170626699,0.015874414722354208,U,False,,,
2026-06,Production,COGS,2578345.413625429,2721066.192776181,-142720.77915075189,-0.05245031507489361,F,False,,,
2024-01,Production,Opex - Facilities,8030.681696760148,8000.0,30.681696760148043,0.0038352120950185054,U,False,,,
2024-02,Production,Opex - Facilities,8280.876062034418,8010.0,270.8760620344183,0.033817236209040986,U,False,,,
2024-03,Production,Opex - Facilities,7975.52211533101,8020.0,-44.477884668989645,-0.005545870906357811,F,False,,,
2024-04,Production,Opex - Facilities,8118.035475105306,8029.999999999999,88.03547510530734,0.01096332193092246,U,False,,,
2024-05,Production,Opex - Facilities,8188.574236725209,8039.999999999999,148.57423672520963,0.018479382677264882,U,False,,,
2024-06,Production,Opex - Facilities,8181.171755795705,8050.000000000001,131.17175579570448,0.016294628049155834,U,False,,,
2024-07,Production,Opex - Facilities,8224.161299550786,8060.000000000001,164.16129955078486,0.02036740689215693,U,False,,,
2024-08,Production,Opex - Facilities,7915.327672940287,8070.0,-154.6723270597131,-0.01916633544730026,F,False,,,
2024-09,Production,Opex - Facilities,8119.451342981453,8080.0,39.45134298145331,0.004882591953150162,U,False,,,
2024-10,Production,Opex - Facilities,8043.570440351233,8090.0,-46.42955964876728,-0.005739129746448366,F,False,,,
2024-11,Production,Opex - Facilities,7996.177606940222,8100.0,-103.82239305977782,-0.012817579390096027,F,False,,,
2024-12,Production,Opex - Facilities,8017.123170390206,8109.999999999999,-92.87682960979328,-0.011452136819949851,F,False,,,
2025-01,Production,Opex - Facilities,8282.087812545771,8119.999999999999,162.08781254577207,0.019961553269183755,U,False,,,
2025-02,Production,Opex - Facilities,7886.771498747999,8130.000000000001,-243.22850125200148,-0.029917404828044458,F,False,,,
2025-03,Production,Opex - Facilities,7912.010562541589,8140.000000000001,-227.98943745841189,-0.028008530400296296,F,False,,,
2025-04,Production,Opex - Facilities,8208.126354770242,8150.0,58.12635477024196,0.0071320680699683385,U,False,,,
2025-05,Production,Opex - Facilities,8552.11547259536,8160.0,392.1154725953602,0.04805336673962748,U,False,,,
2025-06,Production,Opex - Facilities,8257.469096597544,8170.0,87.4690965975442,0.010706131774485213,U,False,,,
2025-07,Production,Opex - Facilities,8335.866042348254,8180.0,155.86604234825427,0.019054528404432062,U,False,,,
2025-08,Production,Opex - Facilities,8905.936007897999,8189.999999999999,715.9360078979998,0.08741587398021977,U,False,,,
2025-09,Production,Opex - Facilities,8049.424187431287,8200.0,-150.57581256871345,-0.018362903971794322,F,False,,,
2025-10,Production,Opex - Facilities,8090.222361995238,8210.0,-119.77763800476168,-0.014589237272199962,F,False,,,
2025-11,Production,Opex - Facilities,7982.002206433497,8220.0,-237.99779356650288,-0.028953502866971154,F,False,,,
2025-12,Production,Opex - Facilities,8325.044393531536,8230.0,95.04439353153612,0.011548528983175713,U,False,,,
2026-01,Production,Opex - Facilities,7924.09383162819,8240.0,-315.90616837181005,-0.0383381272295886,F,False,,,
2026-02,Production,Opex - Facilities,8304.297169087555,8250.0,54.29716908755472,0.006581475040915724,U,False,,,
2026-03,Production,Opex - Facilities,7920.970150426924,8260.0,-339.0298495730758,-0.041044775977369954,F,False,,,
2026-04,Production,Opex - Facilities,8048.01822659706,8270.0,-221.98177340294023,-0.026841810568674757,F,False,,,
2026-05,Production,Opex - Facilities,8302.501290874394,8280.0,22.501290874393817,0.0027175472070523933,U,False,,,
2026-06,Production,Opex - Facilities,8206.903500297707,8290.0,-83.09649970229293,-0.010023703221024478,F,False,,,
2024-01,Production,Opex - IT,2687.476918353044,3000.0,-312.52308164695614,-0.10417436054898538,F,False,,,
2024-02,Production,Opex - IT,3020.8737796937166,3005.0,15.873779693716642,0.005282455804897385,U,False,,,
2024-03,Production,Opex - IT,2997.977840634511,3010.0000000000005,-12.022159365489642,-0.003994072878900213,F,False,,,
2024-04,Production,Opex - IT,3143.392975555468,3014.9999999999995,128.39297555546864,0.04258473484426821,U,False,,,
2024-05,Production,Opex - IT,2823.392508855313,3020.0,-196.60749114468717,-0.06510181825983019,F,False,,,
2024-06,Production,Opex - IT,3204.867509431233,3025.0,179.86750943123297,0.05946033369627536,U,False,,,
2024-07,Production,Opex - IT,3084.199561022984,3030.0,54.1995610229842,0.017887643901974982,U,False,,,
2024-08,Production,Opex - IT,2920.793519537709,3035.0,-114.20648046229098,-0.03762981234342372,F,False,,,
2024-09,Production,Opex - IT,2958.55596070746,3040.0000000000005,-81.44403929254031,-0.02679080239886194,F,False,,,
2024-10,Production,Opex - IT,3254.002924674242,3044.9999999999995,209.00292467424242,0.06863807050057223,U,False,,,
2024-11,Production,Opex - IT,3218.478426392536,3050.0,168.47842639253622,0.055238828325421714,U,False,,,
2024-12,Production,Opex - IT,2966.2696398994967,3055.0,-88.73036010050328,-0.029044307725205654,F,False,,,
2025-01,Production,Opex - IT,3169.31083189213,3060.0,109.31083189212995,0.03572249408239541,U,False,,,
2025-02,Production,Opex - IT,2740.6740550507006,3065.0,-324.32594494929936,-0.10581596898835216,F,False,,,
2025-03,Production,Opex - IT,3251.133823615517,3070.0000000000005,181.13382361551658,0.05900124547736695,U,False,,,
2025-04,Production,Opex - IT,3181.8682163122803,3074.9999999999995,106.86821631228077,0.034753891483668545,U,False,,,
2025-05,Production,Opex - IT,3085.384368656976,3080.0,5.384368656976221,0.0017481716418753966,U,False,,,
2025-06,Production,Opex - IT,3291.1054554917177,3085.0,206.10545549171775,0.06680889967316621,U,False,,,
2025-07,Production,Opex - IT,2749.68318432408,3090.0,-340.3168156759202,-0.11013489180450493,F,False,,,
2025-08,Production,Opex - IT,3589.3905687828865,3095.0,494.3905687828865,0.15973847133534297,U,False,,,
2025-09,Production,Opex - IT,2996.9913994754384,3100.0000000000005,-103.0086005245621,-0.03322858081437487,F,False,,,
2025-10,Production,Opex - IT,2689.008756535437,3104.9999999999995,-415.99124346456256,-0.13397463557634867,F,False,,,
2025-11,Production,Opex - IT,2815.185990915444,3110.0,-294.8140090845559,-0.09479550131336202,F,False,,,
2025-12,Production,Opex - IT,3347.147994808261,3115.0,232.14799480826105,0.07452584102993934,U,False,,,
2026-01,Production,Opex - IT,2814.088801363695,3120.0,-305.911198636305,-0.09804846110137981,F,False,,,
2026-02,Production,Opex - IT,3451.500435426706,3125.0,326.5004354267062,0.10448013933654599,U,False,,,
2026-03,Production,Opex - IT,2823.392954457187,3130.0000000000005,-306.60704554281347,-0.09795752253764008,F,False,,,
2026-04,Production,Opex - IT,2857.3529429434934,3135.0,-277.6470570565066,-0.08856365456347898,F,False,,,
2026-05,Production,Opex - IT,3493.559443562005,3140.0,353.5594435620051,0.11259854890509716,U,False,,,
2026-06,Production,Opex - IT,2924.0568644807263,3145.0,-220.9431355192737,-0.07025218935430007,F,False,,,
2024-01,Production,Opex - Marketing,1464.9115956650014,1820.0,-355.0884043349986,-0.19510351886538385,F,False,,,
2024-02,Production,Opex - Marketing,2026.2248838606424,1880.0,146.22488386064242,0.0777791935428949,U,False,,,
2024-03,Production,Opex - Marketing,2110.4193584536106,1940.0,170.41935845361058,0.0878450301307271,U,False,,,
2024-04,Production,Opex - Marketing,2075.143585851615,2090.0,-14.856414148384829,-0.007108332128413794,F,False,,,
2024-05,Production,Opex - Marketing,2039.8678132496195,2150.0,-110.13218675038047,-0.05122427290715371,F,False,,,
2024-06,Production,Opex - Marketing,2257.925671018837,2120.0,137.92567101883697,0.06505927878247027,U,False,,,
2024-07,Production,Opex - Marketing,2076.4428965881043,1910.0,166.4428965881043,0.08714287779481901,U,False,,,
2024-08,Production,Opex - Marketing,1703.7378659211147,1759.9999999999998,-56.26213407888508,-0.031967121635730164,F,False,,,
2024-09,Production,Opex - Marketing,1638.4746549916863,1970.0,-331.5253450083137,-0.16828697716158056,F,False,,,
2024-10,Production,Opex - Marketing,2021.981419955112,2120.0,-98.01858004488804,-0.04623517926645662,F,False,,,
2024-11,Production,Opex - Marketing,2211.048810463383,2179.9999999999995,31.048810463383234,0.014242573607056531,U,False,,,
2024-12,Production,Opex - Marketing,1923.6432561402696,2060.0,-136.3567438597304,-0.06619259410666524,F,False,,,
2025-01,Production,Opex - Marketing,1907.495891920875,1820.0,87.49589192087501,0.048074665890590666,U,False,,,
2025-02,Production,Opex - Marketing,1607.9428551844594,1880.0,-272.0571448155406,-0.14471124724230883,F,False,,,
2025-03,Production,Opex - Marketing,1870.8847896140835,1940.0,-69.1152103859165,-0.03562639710614252,F,False,,,
2025-04,Production,Opex - Marketing,1728.990031552799,2090.0,-361.0099684472009,-0.17273204231923486,F,False,,,
2025-05,Production,Opex - Marketing,2200.0253854412613,2150.0,50.02538544126128,0.023267621135470363,U,False,,,
2025-06,Production,Opex - Marketing,2408.147765950973,2120.0,288.1477659509728,0.13591875752404378,U,False,,,
2025-07,Production,Opex - Marketing,1835.546327597248,1910.0,-74.45367240275209,-0.03898098031557701,F,False,,,
2025-08,Production,Opex - Marketing,1907.510275949411,1759.9999999999998,147.51027594941115,0.08381265678943817,U,False,,,
2025-09,Production,Opex - Marketing,1809.8506042238653,1970.0,-160.14939577613472,-0.08129410953103286,F,False,,,
2025-10,Production,Opex - Marketing,1900.441404400928,2120.0,-219.55859559907208,-0.10356537528258117,F,False,,,
2025-11,Production,Opex - Marketing,2071.1535595184646,2179.9999999999995,-108.84644048153496,-0.049929559853915124,F,False,,,
2025-12,Production,Opex - Marketing,1873.9970013140728,2060.0,-186.0029986859272,-0.09029271780870252,F,False,,,
2026-01,Production,Opex - Marketing,1737.1930065779777,1820.0,-82.80699342202229,-0.04549834803407818,F,False,,,
2026-02,Production,Opex - Marketing,1933.735314245278,1880.0,53.735314245278005,0.028582613960254258,U,False,,,
2026-03,Production,Opex - Marketing,1975.54748082105,1940.0,35.54748082104993,0.018323443722190687,U,False,,,
2026-04,Production,Opex - Marketing,2395.44185707862,2090.0,305.44185707862016,0.14614442922422016,U,False,,,
2026-05,Production,Opex - Marketing,2222.578527991771,2150.0,72.5785279917709,0.03375745487989344,U,False,,,
2026-06,Production,Opex - Marketing,1861.6116311901908,2120.0,-258.3883688098092,-0.12188130604236283,F,False,,,
2024-01,Production,Opex - Travel,9955.913891916003,9100.0,855.9138919160032,0.09405647163912123,U,False,,,
2024-02,Production,Opex - Travel,10226.634096371055,9400.0,826.6340963710554,0.08793979748628249,U,False,,,
2024-03,Production,Opex - Travel,8769.88387719587,9700.0,-930.1161228041292,-0.09588826008289991,F,False,,,
2024-04,Production,Opex - Travel,10002.397425839554,10450.0,-447.60257416044624,-0.04283278221631064,F,False,,,
2024-05,Production,Opex - Travel,10313.103857386535,10750.0,-436.8961426134647,-0.04064150163846183,F,False,,,
2024-06,Production,Opex - Travel,9726.049911367289,10600.0,-873.9500886327114,-0.08244812156912372,F,False,,,
2024-07,Production,Opex - Travel,9758.847609876208,9550.0,208.84760987620757,0.021868859672901315,U,False,,,
2024-08,Production,Opex - Travel,7517.702878527012,8799.999999999998,-1282.297121472986,-0.1457155819855666,F,False,,,
2024-09,Production,Opex - Travel,10803.754179272606,9849.999999999998,953.7541792726079,0.09682783545914803,U,False,,,
2024-10,Production,Opex - Travel,10230.351423416656,10600.0,-369.64857658334404,-0.03487250722484378,F,False,,,
2024-11,Production,Opex - Travel,11441.9052110186,10899.999999999998,541.9052110186021,0.04971607440537635,U,False,,,
2024-12,Production,Opex - Travel,10770.478494684134,10300.0,470.4784946841337,0.045677523755741134,U,False,,,
2025-01,Production,Opex - Travel,9111.369648042197,9100.0,11.369648042196786,0.0012494118727688775,U,False,,,
2025-02,Production,Opex - Travel,10035.810548447342,9400.0,635.8105484473417,0.06763942004758955,U,False,,,
2025-03,Production,Opex - Travel,10960.251448852485,9700.0,1260.2514488524848,0.1299228297786067,U,False,,,
2025-04,Production,Opex - Travel,11328.12200364298,10450.0,878.1220036429804,0.08403081374573976,U,False,,,
2025-05,Production,Opex - Travel,10180.795337756412,10750.0,-569.2046622435882,-0.052949270906380304,F,False,,,
2025-06,Production,Opex - Travel,10833.196485010072,10600.0,233.19648501007214,0.021999668397176618,U,False,,,
2025-07,Production,Opex - Travel,8665.119975957723,9550.0,-884.880024042277,-0.09265759414055257,F,False,,,
2025-08,Production,Opex - Travel,9075.89218575617,8799.999999999998,275.8921857561727,0.03135138474501963,U,False,,,
2025-09,Production,Opex - Travel,10113.695790408676,9849.999999999998,263.69579040867757,0.026771146234383515,U,False,,,
2025-10,Production,Opex - Travel,10431.84707273899,10600.0,-168.1529272610096,-0.015863483703868832,F,False,,,
2025-11,Production,Opex - Travel,11971.186067015133,10899.999999999998,1071.1860670151345,0.09827395110230594,U,False,,,
2025-12,Production,Opex - Travel,11163.643879848436,10300.0,863.643879848436,0.08384892037363456,U,False,,,
2026-01,Production,Opex - Travel,9505.925703348694,9100.0,405.9257033486938,0.04460722014820811,U,False,,,
2026-02,Production,Opex - Travel,9288.479973456711,9400.0,-111.52002654328862,-0.011863832610988152,F,False,,,
2026-03,Production,Opex - Travel,11189.683312236111,9700.0,1489.6833122361113,0.1535755991995991,U,False,,,
2026-04,Production,Opex - Travel,10049.569249412893,10450.0,-400.43075058710747,-0.0383187321135988,F,False,,,
2026-05,Production,Opex - Travel,10574.298884086147,10750.0,-175.70111591385285,-0.016344289852451427,F,False,,,
2026-06,Production,Opex - Travel,9706.175913489556,10600.0,-893.8240865104435,-0.08432302702928712,F,False,,,
2024-01,Production,Payroll,269823.2321910376,265833.3333333333,3989.8988577043056,0.015009023916129051,U,False,,,
2024-02,Production,Payroll,261942.41443572927,266488.95004780404,-4546.535612074775,-0.01706087855147163,F,False,,,
2024-03,Production,Payroll,269116.3909839662,267146.1836899598,1970.2072940063663,0.007375015681649855,U,False,,,
2024-04,Production,Payroll,266977.3627704644,267805.03824758064,-827.6754771162523,-0.0030905896413759106,F,False,,,
2024-05,Production,Payroll,279964.6883570373,268465.51771828125,11499.17063875607,0.042832952017409234,U,False,,,
2024-06,Production,Payroll,264605.4397454262,269127.6261095357,-4522.1863641095115,-0.01680312953925053,F,False,,,
2024-07,Production,Payroll,270420.98391887685,269791.3674387015,629.6164801753475,0.0023337161828144884,U,False,,,
2024-08,Production,Payroll,273871.4689166416,270456.745733044,3414.7231835976127,0.01262576451677096,U,False,,,
2024-09,Production,Payroll,266428.8171904276,271123.765029761,-4694.947839333385,-0.017316622313864757,F,False,,,
2024-10,Production,Payroll,276104.9448238816,271792.42937600706,4312.5154478745535,0.015866944703998617,U,False,,,
2024-11,Production,Payroll,267452.4129940317,272462.74282891804,-5010.329834886361,-0.018389045720032242,F,False,,,
2024-12,Production,Payroll,271444.8439106841,273134.709455636,-1689.86554495187,-0.006186930794404756,F,False,,,
2025-01,Production,Payroll,271237.80788465985,273808.3333333333,-2570.525448673463,-0.009388046804054405,F,False,,,
2025-02,Production,Payroll,274045.99168936093,274483.61854923813,-437.62685987720033,-0.0015943642181280003,F,False,,,
2025-03,Production,Payroll,273079.4607282616,275160.56920065865,-2081.108472397027,-0.007563251080787653,F,False,,,
2025-04,Production,Payroll,273968.81721831794,275839.1893950081,-1870.3721766901435,-0.006780661518011233,F,False,,,
2025-05,Production,Payroll,276918.3875338318,276519.0,399.38753383181756,0.0014443402942720665,U,False,,,
2025-06,Production,Payroll,278195.36422955623,277201.4548928218,993.9093367344467,0.0035855126991261124,U,False,,,
2025-07,Production,Payroll,274329.5599805264,277885.10846186255,-3555.5484813361545,-0.012795030654995047,F,False,,,
2025-08,Production,Payroll,272912.24171027367,278570.4481050353,-5658.206394761626,-0.020311581624150574,F,False,,,
2025-09,Production,Payroll,267349.6806347527,279257.4779806538,-11907.797345901141,-0.04264092561462608,F,False,,,
2025-10,Production,Payroll,280825.5052578127,279946.2022572873,879.3030005253968,0.0031409713489067618,U,False,,,
2025-11,Production,Payroll,281367.82115467486,280636.6251137856,731.1960408892483,0.002605490429457598,U,False,,,
2025-12,Production,Payroll,276707.156972503,281328.75073930505,-4621.593766802049,-0.016427733584487694,F,False,,,
2026-01,Production,Payroll,278329.2849853358,282022.5833333333,-3693.2983479975373,-0.013095753908587832,F,False,,,
2026-02,Production,Payroll,283622.77769255737,282718.1271057153,904.6505868420936,0.0031998322714688276,U,False,,,
2026-03,Production,Payroll,285845.7097091826,283415.3862766784,2430.3234325041994,0.008575128769232191,U,False,,,
2026-04,Production,Payroll,283094.2853308406,284114.3650768583,-1020.0797460176982,-0.003590384265652134,F,False,,,
2026-05,Production,Payroll,284785.8920509872,284815.0,-29.107949012774043,-0.00010219949445350154,F,False,,,
2026-06,Production,Payroll,285239.29941456777,285517.49853960646,-278.1991250386927,-0.0009743680386023747,F,False,,,
2024-01,Production,Revenue,2664994.116717769,2625000.0,39994.11671776883,0.01523585398772146,F,False,,,
2024-02,Production,Revenue,2962229.5361017524,3009821.219346597,-47591.68324484443,-0.015812129617179097,U,False,,,
2024-03,Production,Revenue,3476543.5067601493,3397133.914660888,79409.59209926147,0.023375467112602293,F,False,,,
2024-04,Production,Revenue,4206720.652047132,4354992.815742428,-148272.16369529627,-0.03404647722019702,U,False,,,
2024-05,Production,Revenue,4847191.875727801,4749184.705407081,98007.17032071948,0.020636630579799423,F,False,,,
2024-06,Production,Revenue,4832347.044263334,4574143.008297775,258204.03596555907,0.05644861463604465,F,False,,,
2024-07,Production,Revenue,3142458.81730198,3250624.9399154005,-108166.12261342024,-0.033275485364434365,U,False,,,
2024-08,Production,Revenue,2309849.1588302534,2302070.569481089,7778.5893491646275,0.003378953474444532,F,False,,,
2024-09,Production,Revenue,3606569.592289744,3656877.670019228,-50308.07772948407,-0.013757112561334202,U,False,,,
2024-10,Production,Revenue,4770173.566082316,4634336.003275205,135837.56280711107,0.029311116567963813,F,False,,,
2024-11,Production,Revenue,4715687.112260439,5036966.581197639,-321279.46893719956,-0.06378431616689602,U,False,,,
2024-12,Production,Revenue,4309897.281548161,4276001.483833633,33895.7977145277,0.007926984553835689,F,False,,,
2025-01,Production,Revenue,2566767.888377096,2730000.0,-163232.11162290396,-0.059791982279452004,U,False,,,
2025-02,Production,Revenue,3114800.035664608,3130214.068120461,-15414.032455853187,-0.00492427422547128,U,False,,,
2025-03,Production,Revenue,3603639.773605418,3533019.271247323,70620.50235809479,0.019988711336171798,F,False,,,
2025-04,Production,Revenue,4482669.215765071,4529192.528372126,-46523.3126070546,-0.010271877893381565,U,False,,,
2025-05,Production,Revenue,4792422.243743062,4939152.093623364,-146729.84988030232,-0.029707497784839672,U,False,,,
2025-06,Production,Revenue,4700176.691394759,4757108.728629687,-56932.03723492753,-0.01196778137365112,U,False,,,
2025-07,Production,Revenue,3627995.678900145,3380649.937512017,247345.74138812814,0.07316514456097806,F,False,single,,"A client brought part of its September roadshow forward into July. Timing between months rather than new business; the September shortfall stayed within tolerance. (FP&A Analyst, 2025-08-11)"
2025-08,Production,Revenue,2367551.6310555195,2394153.3922603326,-26601.76120481314,-0.011111134854938547,U,False,,,
2025-09,Production,Revenue,3881955.896165198,3803152.7768199975,78803.11934520071,0.020720471663799915,F,False,,,
2025-10,Production,Revenue,4785780.885165885,4819709.0,-33928.11483411491,-0.007039452969902314,U,False,,,
2025-11,Production,Revenue,52243583.97067126,5238445.244445545,47005138.72622571,8.97310872459084,F,True,,,
2025-12,Production,Revenue,4285786.021327354,4447041.543186978,-161255.52185962442,-0.03626130322678758,U,False,,,
2026-01,Production,Revenue,2816963.684048458,2839200.0000000005,-22236.315951542463,-0.007831894882904502,U,False,,,
2026-02,Production,Revenue,3283514.961503431,3255422.630845279,28092.330658152234,0.008629395886105881,F,False,,,
2026-03,Production,Revenue,3598845.7231651903,3674340.042097217,-75494.31893202662,-0.020546361541686937,U,False,,,
2026-04,Production,Revenue,5099183.493195226,4710360.22950701,388823.263688216,0.08254639661156245,F,False,single,,"Unbudgeted revenue from the same late-won April project; see the matching COGS variance. Recognized on delivery. (FP&A Analyst, 2026-05-12)"
2026-05,Production,Revenue,5301947.599381664,5136718.177368299,165229.42201336473,0.03216633973445219,F,False,,,
2026-06,Production,Revenue,5106683.994193305,4947393.077774874,159290.91641843133,0.032196939663842836,F,False,,,
